date,open,high,close,low,volume,price_change,p_change,ma5,ma10,ma20,v_ma5,v_ma10,v_ma20,turnover
2017-08-31,11.39,11.44,11.28,11.15,1151786.5,-0.15,-1.31,11.368,11.022,10.805,1234864.62,1030908.07,1059968.2,0.68
2017-08-30,11.68,11.7,11.43,11.35,1096674.75,-0.24,-2.06,11.298,10.936,10.792,1189357.05,971093.63,1051589.85,0.65
2017-08-29,11.3,11.74,11.67,11.28,1357983.62,0.32,2.82,11.192,10.827,10.778,1233852.47,937106.76,1099859.57,0.8
2017-08-28,11.1,11.54,11.35,11.1,1603938.25,0.24,2.16,10.988,10.691,10.746,1137392.11,908824.63,1133745.88,0.95
2017-08-25,10.94,11.17,11.11,10.9,963940.0,0.18,1.65,10.81,10.578,10.712,896435.44,864197.27,1132342.19,0.57
2017-08-24,10.89,11.11,10.93,10.84,924248.62,0.03,0.28,10.676,10.469,10.694,826951.51,1011867.59,1125104.95,0.55
2017-08-23,10.63,10.98,10.9,10.59,1319151.88,0.25,2.35,10.574,10.438,10.677,752830.21,1015430.73,1138617.04,0.78
2017-08-22,10.48,10.66,10.65,10.37,875681.81,0.19,1.82,10.462,10.421,10.669,640361.04,987747.73,1157530.05,0.52
2017-08-21,10.43,10.52,10.46,10.39,399154.88,0.02,0.19,10.394,10.461,10.686,680257.15,969136.29,1211484.38,0.24
2017-08-18,10.36,10.6,10.44,10.29,616520.38,0.02,0.19,10.346,10.515,10.711,831959.1,1015285.23,1276159.86,0.36
2017-08-17,10.35,10.42,10.42,10.29,553642.12,0.08,0.77,10.262,10.588,10.733,1196783.67,1089028.34,1320384.84,0.33
2017-08-16,10.29,10.37,10.34,10.15,756806.0,0.03,0.29,10.302,10.647,10.761,1278031.25,1132086.06,1369569.66,0.45
2017-08-15,10.24,10.51,10.31,10.21,1075162.38,0.09,0.88,10.38,10.728,10.798,1335134.41,1262612.38,1428383.16,0.64
2017-08-14,10.13,10.25,10.22,10.04,1157664.62,0.2,2.0,10.528,10.801,10.835,1258015.42,1358667.13,1492096.63,0.68
2017-08-11,10.48,10.54,10.02,9.99,2440643.25,-0.6,-5.65,10.684,10.846,10.865,1198611.35,1400487.1,1597869.56,1.44
2017-08-10,10.7,10.82,10.62,10.54,959880.0,-0.11,-1.02,10.914,10.918,10.909,981273.0,1238342.31,1561965.91,0.57
2017-08-09,10.96,11.02,10.73,10.68,1042321.81,-0.32,-2.9,10.992,10.915,10.923,986140.88,1261803.35,1663698.63,0.62
2017-08-08,11.0,11.11,11.05,10.91,689567.44,0.05,0.46,11.076,10.916,10.903,1190090.34,1327312.38,1761524.75,0.41
2017-08-07,11.06,11.17,11.0,10.9,860644.25,-0.17,-1.52,11.074,10.911,10.863,1459318.83,1453832.48,1917650.72,0.51
2017-08-04,11.0,11.29,11.17,10.93,1353951.5,0.16,1.45,11.008,10.906,10.793,1602362.85,1537034.5,1942659.3,0.8
2017-08-03,11.14,11.22,11.01,10.97,984219.38,-0.14,-1.26,10.922,10.878,10.708,1495411.63,1551741.35,1912980.21,0.58
2017-08-02,11.05,11.34,11.15,10.96,2062069.12,0.11,1.0,10.838,10.874,10.627,1537465.83,1607053.26,1900714.83,1.22
2017-08-01,10.64,11.08,11.04,10.6,2035709.88,0.37,3.47,10.756,10.868,10.538,1464534.43,1594153.94,1825997.37,1.2
2017-07-31,10.8,10.82,10.67,10.45,1575864.38,-0.07,-0.65,10.748,10.869,10.453,1448346.13,1625526.13,1748630.01,0.93
2017-07-28,10.61,10.81,10.74,10.58,819195.38,0.15,1.42,10.804,10.883,10.39,1471706.15,1795252.01,1689254.26,0.48
2017-07-27,10.72,10.77,10.59,10.53,1194490.38,-0.15,-1.4,10.834,10.899,10.322,1608071.08,1885589.5,1673276.16,0.71
2017-07-26,10.92,11.18,10.74,10.66,1697412.12,-0.26,-2.36,10.91,10.93,10.264,1676640.7,2065593.91,1637991.87,1.0
2017-07-25,10.98,11.27,11.0,10.95,1954768.38,0.05,0.46,10.98,10.89,10.199,1723773.45,2195737.13,1611561.08,1.16
2017-07-24,10.82,11.06,10.95,10.73,1692664.5,0.06,0.55,10.99,10.815,10.117,1802706.13,2381468.96,1541123.46,1.0
2017-07-21,10.83,10.95,10.89,10.69,1501020.0,0.08,0.74,10.962,10.679,10.034,2118797.88,2348284.1,1492028.73,0.89
2017-07-20,11.08,11.22,10.97,10.91,1537338.5,-0.12,-1.08,10.964,10.537,9.952,2163107.93,2274219.06,1446177.95,0.91
2017-07-19,10.99,11.19,11.09,10.88,1933075.88,0.04,0.36,10.95,10.38,9.866,2454547.13,2194376.39,1440658.93,1.14
2017-07-18,10.75,11.14,11.05,10.62,2349431.75,0.24,2.22,10.8,10.208,9.769,2667700.8,2057840.81,1368851.75,1.39
2017-07-17,10.95,11.33,10.81,10.72,3273123.25,-0.09,-0.83,10.64,10.037,9.673,2960231.8,1871733.88,1267060.94,1.93
2017-07-14,10.81,10.94,10.9,10.66,1722570.25,0.0,0.0,10.396,9.896,9.589,2577770.33,1583256.5,1127890.02,1.02
2017-07-13,10.3,10.9,10.9,10.24,2994534.5,0.56,5.42,10.11,9.745,9.495,2385330.2,1460962.82,1056061.06,1.77
2017-07-12,10.27,10.58,10.34,10.2,2998844.25,0.09,0.88,9.81,9.598,9.402,1934205.66,1210389.83,923224.23,1.77
2017-07-11,9.61,10.46,10.25,9.61,3812086.75,0.66,6.88,9.616,9.507,9.339,1447980.81,1027385.03,792054.23,2.25
2017-07-10,9.45,9.66,9.59,9.44,1360815.88,0.12,1.27,9.434,9.418,9.282,783235.97,700777.96,623871.64,0.8
2017-07-07,9.37,9.48,9.47,9.34,760369.62,0.07,0.74,9.396,9.389,9.258,588742.67,635773.37,581059.76,0.45
2017-07-06,9.36,9.41,9.4,9.31,738911.81,0.03,0.32,9.38,9.367,9.242,536595.44,618136.84,577314.68,0.44
2017-07-05,9.29,9.38,9.37,9.27,567720.0,0.03,0.32,9.386,9.352,9.229,486573.99,686941.48,559519.31,0.34
2017-07-04,9.4,9.41,9.34,9.3,488362.53,-0.06,-0.64,9.398,9.33,9.217,606789.24,679862.69,563419.47,0.29
2017-07-03,9.4,9.43,9.4,9.34,388349.38,0.01,0.11,9.402,9.308,9.202,618319.96,662388.0,556768.42,0.23
2017-06-30,9.4,9.43,9.39,9.31,499633.47,-0.04,-0.42,9.382,9.281,9.183,682804.07,672523.54,569057.59,0.3
2017-06-29,9.43,9.45,9.43,9.37,488804.56,0.0,0.0,9.354,9.244,9.172,699678.25,651159.3,582613.77,0.29
2017-06-28,9.35,9.49,9.43,9.33,1168796.25,0.07,0.75,9.318,9.205,9.16,887308.96,636058.63,586482.68,0.69
2017-06-27,9.3,9.39,9.36,9.27,546016.12,0.06,0.65,9.262,9.17,9.149,752936.15,556723.44,579703.41,0.32
2017-06-26,9.26,9.4,9.3,9.26,710769.94,0.05,0.54,9.214,9.146,9.136,706456.04,546965.32,552403.21,0.42
2017-06-23,9.23,9.27,9.25,9.16,584004.38,0.0,0.0,9.18,9.127,9.126,662243.02,526346.14,561633.0,0.35
2017-06-22,9.15,9.4,9.25,9.14,1426958.12,0.1,1.09,9.134,9.117,9.119,602640.35,536492.51,613509.96,0.84
2017-06-21,9.17,9.18,9.15,9.11,496932.19,0.03,0.33,9.092,9.105,9.097,384808.3,432097.15,568780.89,0.29
2017-06-20,9.12,9.16,9.12,9.09,313615.59,-0.01,-0.11,9.078,9.103,9.079,360510.72,446976.25,583936.29,0.19
2017-06-19,9.03,9.15,9.13,9.02,489704.81,0.11,1.22,9.078,9.095,9.057,387474.6,451148.85,602211.51,0.29
2017-06-16,9.04,9.08,9.02,9.01,285991.03,-0.02,-0.22,9.074,9.085,9.035,390449.27,465591.63,592439.81,0.17
2017-06-15,9.08,9.08,9.04,9.03,337797.88,-0.04,-0.44,9.1,9.1,9.02,470344.68,514068.24,589510.32,0.2
2017-06-14,9.12,9.13,9.08,9.04,375444.31,-0.04,-0.44,9.118,9.115,9.007,479385.99,536906.73,593487.32,0.22
2017-06-13,9.11,9.14,9.12,9.05,448434.97,0.01,0.11,9.128,9.127,8.995,533441.78,602683.39,600958.72,0.27
2017-06-12,9.15,9.19,9.11,9.1,504578.16,-0.04,-0.44,9.112,9.126,8.982,514823.09,557841.09,605365.88,0.3
2017-06-09,9.15,9.22,9.15,9.12,685468.06,0.02,0.22,9.096,9.125,8.971,540734.0,596919.85,626035.39,0.41
2017-06-08,9.11,9.15,9.13,9.08,383004.47,0.0,0.0,9.1,9.12,8.949,557791.8,690527.41,616944.16,0.23
2017-06-07,9.02,9.15,9.13,9.01,645723.25,0.09,1.0,9.112,9.088,8.926,594427.46,705464.63,626447.82,0.38
2017-06-06,9.01,9.06,9.04,8.99,355341.53,0.01,0.11,9.126,9.054,8.901,671924.99,720896.32,610371.38,0.21
2017-06-05,9.13,9.17,9.03,8.99,634132.69,-0.14,-1.53,9.14,9.018,8.878,600859.09,753274.18,615608.8,0.37
2017-06-02,9.18,9.29,9.17,9.14,770757.06,-0.02,-0.22,9.154,8.984,8.858,653105.7,719287.99,615087.21,0.46
2017-06-01,9.2,9.23,9.19,9.12,566182.75,-0.01,-0.11,9.14,8.94,8.836,823263.01,664952.4,611375.21,0.33
2017-05-31,9.1,9.23,9.2,9.06,1033210.94,0.1,1.1,9.064,8.898,8.822,816501.8,650067.92,597081.61,0.61
2017-05-30,9.11,9.11,9.11,9.11,12.0,0.01,0.11,8.982,8.862,8.809,769867.65,599234.06,560972.36,0.0
2017-05-26,9.08,9.13,9.1,9.04,895365.75,0.0,0.0,8.896,8.837,8.803,905689.26,652890.68,575294.08,0.53
2017-05-25,8.79,9.14,9.1,8.78,1621543.62,0.29,3.29,8.814,8.817,8.797,785470.28,655150.92,549895.42,0.96
2017-05-24,8.78,8.83,8.81,8.68,532376.69,0.02,0.23,8.74,8.777,8.791,506641.78,543360.91,487925.59,0.31
2017-05-23,8.67,8.84,8.79,8.64,800040.19,0.11,1.27,8.732,8.763,8.801,483634.04,547431.02,480203.43,0.47
2017-05-22,8.68,8.73,8.68,8.61,679120.06,-0.01,-0.12,8.742,8.748,8.808,428600.47,499846.44,459951.18,0.4
2017-05-19,8.74,8.76,8.69,8.68,294270.84,-0.04,-0.46,8.778,8.737,8.822,400092.09,477943.43,442265.59,0.17
2017-05-18,8.72,8.77,8.73,8.71,227401.12,-0.04,-0.46,8.82,8.731,8.834,524831.56,510886.42,449433.55,0.13
2017-05-17,8.81,8.81,8.77,8.75,417338.0,-0.07,-0.79,8.814,8.732,8.843,580080.05,557798.02,478046.92,0.25
2017-05-16,8.84,8.85,8.84,8.73,524872.31,-0.02,-0.23,8.794,8.746,8.857,611227.99,544095.29,473948.87,0.31
2017-05-15,8.89,8.95,8.86,8.81,536578.19,-0.04,-0.45,8.754,8.756,8.87,571092.42,522710.67,474299.86,0.32
2017-05-12,8.68,8.9,8.9,8.64,917968.19,0.2,2.3,8.696,8.769,8.881,555794.76,497697.49,471995.97,0.54
2017-05-11,8.65,8.72,8.7,8.6,503643.56,0.03,0.35,8.642,8.776,8.892,496941.28,444639.93,443969.69,0.3
2017-05-10,8.63,8.8,8.67,8.62,573077.69,0.03,0.35,8.65,8.805,8.913,535515.98,432490.27,441554.34,0.34
2017-05-09,8.56,8.64,8.64,8.55,324194.47,0.07,0.82,8.698,8.838,8.937,476962.59,412975.84,443522.35,0.19
2017-05-08,8.6,8.62,8.57,8.54,460089.88,-0.06,-0.69,8.758,8.867,8.964,474328.92,420055.92,447379.83,0.27
2017-05-05,8.74,8.76,8.63,8.58,623700.81,-0.11,-1.26,8.842,8.907,8.995,439600.22,406587.75,450117.57,0.37
2017-05-04,8.89,8.89,8.74,8.72,696517.06,-0.17,-1.91,8.91,8.936,9.024,392338.57,387980.67,440652.1,0.41
2017-05-03,8.92,8.93,8.91,8.89,280310.75,-0.03,-0.34,8.96,8.953,9.047,329464.56,398295.82,430783.75,0.17
2017-05-02,8.96,8.96,8.94,8.9,311026.09,-0.05,-0.56,8.978,8.967,9.06,348989.09,403802.44,448424.28,0.18
2017-04-28,8.96,8.99,8.99,8.92,286446.38,0.02,0.22,8.976,8.983,9.067,365782.93,425889.05,467237.25,0.17
2017-04-27,8.97,8.98,8.97,8.91,387392.56,-0.02,-0.22,8.972,8.992,9.073,373575.28,446294.46,482971.96,0.23
2017-04-26,9.0,9.01,8.99,8.96,382147.03,-0.01,-0.11,8.962,9.007,9.081,383622.77,443299.46,487670.97,0.23
2017-04-25,8.93,9.01,9.0,8.93,377933.38,0.07,0.78,8.946,9.02,9.088,467127.08,450618.41,517814.22,0.22
2017-04-24,8.97,8.98,8.93,8.89,394995.28,-0.04,-0.45,8.956,9.035,9.098,458615.79,474068.87,534458.94,0.23
2017-04-21,8.92,8.99,8.97,8.9,325408.16,0.05,0.56,8.99,9.06,9.111,485995.18,474703.73,536388.59,0.19
2017-04-20,8.9,8.94,8.92,8.89,437630.0,0.01,0.11,9.012,9.083,9.121,519013.64,493647.39,548424.37,0.26
2017-04-19,9.03,9.04,8.91,8.9,799668.56,-0.14,-1.55,9.052,9.111,9.137,502976.15,493323.54,554275.3,0.47
2017-04-18,9.09,9.1,9.05,9.05,335376.97,-0.05,-0.55,9.094,9.141,9.154,434109.74,463271.69,550042.96,0.2
2017-04-17,9.08,9.11,9.1,9.05,531892.19,0.02,0.22,9.114,9.153,9.167,489521.94,493046.11,612456.47,0.31
2017-04-14,9.11,9.12,9.08,9.06,490500.47,-0.04,-0.44,9.13,9.151,9.188,463412.28,508585.44,617659.55,0.29
2017-04-13,9.11,9.14,9.12,9.1,357442.56,0.0,0.0,9.154,9.154,9.208,468281.14,519649.46,620462.57,0.21
2017-04-12,9.16,9.17,9.12,9.1,455336.53,-0.03,-0.33,9.17,9.154,9.224,483670.92,532042.48,622814.66,0.27
2017-04-11,9.17,9.19,9.15,9.09,612437.94,-0.03,-0.33,9.188,9.156,9.24,492433.63,585010.03,627313.05,0.36
2017-04-10,9.2,9.21,9.18,9.17,401343.91,-0.02,-0.22,9.192,9.16,9.252,496570.28,594849.02,616200.27,0.24
2017-04-07,9.19,9.22,9.2,9.17,514844.75,0.0,0.0,9.172,9.162,9.262,553758.6,598073.46,615041.57,0.3
2017-04-06,9.2,9.22,9.2,9.17,434391.47,-0.01,-0.11,9.154,9.158,9.273,571017.79,603201.35,601521.25,0.26
2017-04-05,9.16,9.22,9.21,9.15,499150.09,0.04,0.44,9.138,9.162,9.286,580414.04,615227.07,594535.32,0.3
2017-03-31,9.08,9.18,9.17,9.08,633121.19,0.09,0.99,9.124,9.166,9.298,677586.44,636814.24,589803.38,0.37
2017-03-30,9.12,9.12,9.08,9.06,687285.5,-0.03,-0.33,9.128,9.18,9.309,693127.76,731866.82,575280.08,0.41
2017-03-29,9.13,9.15,9.11,9.09,601140.69,-0.01,-0.11,9.152,9.224,9.327,642388.32,726733.65,561097.24,0.36
2017-03-28,9.16,9.17,9.12,9.1,481372.75,-0.02,-0.22,9.162,9.261,9.346,635384.9,721275.67,548389.89,0.28
2017-03-27,9.12,9.19,9.14,9.08,985012.06,-0.05,-0.54,9.186,9.293,9.364,650040.1,713586.83,542807.24,0.58
2017-03-24,9.2,9.24,9.19,9.16,710827.81,-0.01,-0.11,9.208,9.323,9.378,596042.04,669616.07,513923.69,0.42
2017-03-23,9.16,9.24,9.2,9.15,433588.28,0.04,0.44,9.232,9.344,9.394,770605.88,637551.52,495007.31,0.26
2017-03-22,9.2,9.22,9.16,9.14,566123.62,-0.08,-0.87,9.296,9.362,9.409,811078.99,632009.68,490094.28,0.33
2017-03-21,9.25,9.26,9.24,9.2,554648.75,-0.01,-0.11,9.36,9.388,9.43,807166.44,599841.16,484936.41,0.33
2017-03-20,9.29,9.31,9.25,9.22,715021.75,-0.06,-0.64,9.4,9.409,9.446,777133.56,573843.56,489533.18,0.42
2017-03-17,9.45,9.46,9.31,9.3,1583647.0,-0.21,-2.21,9.438,9.429,9.462,743190.1,542792.53,498719.86,0.94
2017-03-16,9.48,9.53,9.52,9.45,635953.81,0.04,0.42,9.456,9.438,9.466,504497.15,418693.34,440726.26,0.38
2017-03-15,9.42,9.48,9.48,9.42,546560.88,0.04,0.42,9.428,9.429,9.463,452940.37,395460.83,429486.63,0.32
2017-03-14,9.43,9.46,9.44,9.41,404484.38,0.0,0.0,9.416,9.43,9.461,392515.88,375504.11,439989.23,0.24
2017-03-13,9.39,9.45,9.44,9.37,545304.44,0.04,0.43,9.418,9.434,9.459,370553.56,372027.64,437885.24,0.32
2017-03-10,9.38,9.41,9.4,9.36,390182.25,0.02,0.21,9.42,9.433,9.458,342394.95,358231.31,442538.26,0.23
2017-03-09,9.41,9.43,9.38,9.36,378169.91,-0.04,-0.42,9.42,9.443,9.454,332889.52,352463.1,447166.31,0.22
2017-03-08,9.43,9.45,9.42,9.4,244438.41,-0.03,-0.32,9.43,9.456,9.451,337981.28,348178.89,445400.57,0.14
2017-03-07,9.44,9.46,9.45,9.4,294672.81,0.0,0.0,9.444,9.471,9.445,358492.34,370031.66,451192.27,0.17
2017-03-06,9.4,9.46,9.45,9.39,404511.38,0.05,0.53,9.45,9.483,9.437,373501.72,405222.8,456302.88,0.24
2017-03-03,9.41,9.43,9.4,9.36,342655.09,-0.03,-0.32,9.446,9.494,9.43,374067.67,454647.2,461916.62,0.2
2017-03-02,9.51,9.54,9.43,9.42,403628.72,-0.06,-0.63,9.466,9.493,9.423,372036.67,462759.18,460557.47,0.24
2017-03-01,9.49,9.55,9.49,9.47,346993.72,0.01,0.1,9.482,9.496,9.465,358376.49,463512.42,441343.29,0.21
2017-02-28,9.43,9.51,9.48,9.42,369719.69,0.05,0.53,9.498,9.492,9.457,381570.97,504474.36,445029.23,0.22
2017-02-27,9.5,9.5,9.43,9.42,407341.12,-0.07,-0.74,9.516,9.484,9.446,436943.87,503742.85,441763.34,0.24
2017-02-24,9.5,9.54,9.5,9.48,332500.12,-0.01,-0.1,9.542,9.482,9.438,535226.72,526845.21,444908.49,0.2
2017-02-23,9.55,9.57,9.51,9.48,335327.81,-0.06,-0.63,9.52,9.465,9.424,553481.69,541869.52,449298.45,0.2
2017-02-22,9.57,9.57,9.57,9.5,462966.12,0.0,0.0,9.51,9.445,9.409,568648.36,542622.26,452198.49,0.27
2017-02-21,9.55,9.62,9.57,9.54,646584.19,0.01,0.1,9.486,9.418,9.39,627377.74,532352.88,450935.83,0.38
2017-02-20,9.4,9.58,9.56,9.4,898755.38,0.17,1.81,9.452,9.391,9.37,570541.82,507382.96,447320.09,0.53
2017-02-17,9.46,9.49,9.39,9.37,423774.97,-0.07,-0.74,9.422,9.366,9.349,518463.7,469186.04,429659.94,0.25
2017-02-16,9.45,9.5,9.46,9.42,411161.12,0.01,0.11,9.41,9.353,9.337,530257.35,458355.76,442629.48,0.24
2017-02-15,9.4,9.54,9.45,9.39,756613.06,0.05,0.53,9.38,9.433,9.322,516596.15,419174.15,443786.49,0.45
2017-02-14,9.41,9.42,9.4,9.37,362404.59,-0.01,-0.11,9.35,9.421,9.307,437328.02,385584.1,427356.18,0.21
2017-02-13,9.34,9.44,9.41,9.33,638364.75,0.08,0.86,9.33,9.407,9.294,444224.1,379783.84,424407.49,0.38
2017-02-10,9.32,9.36,9.33,9.31,482743.25,0.02,0.21,9.31,9.393,9.281,419908.37,362971.77,404541.95,0.29
2017-02-09,9.3,9.33,9.31,9.28,342855.12,0.01,0.11,9.296,9.382,9.272,386454.17,356727.38,398458.87,0.2
2017-02-08,9.29,9.3,9.3,9.24,360272.41,0.0,0.0,9.486,9.373,9.263,321752.15,361774.72,399223.82,0.21
2017-02-07,9.31,9.32,9.3,9.27,396884.97,-0.01,-0.11,9.492,9.361,9.256,333840.18,369518.77,398428.85,0.23
2017-02-06,9.26,9.32,9.31,9.26,516786.12,0.05,0.54,9.484,9.348,9.249,315343.58,387257.21,401051.07,0.31
2017-02-03,9.34,9.36,9.26,9.23,315472.25,-0.07,-0.75,9.476,9.332,9.242,306035.17,390133.84,398203.79,0.19
2017-02-02,9.45,10.26,10.26,9.33,19345.0,0.93,9.97,9.468,9.32,9.234,327000.59,426903.19,397560.55,0.01
2017-01-26,9.27,9.34,9.33,9.26,420712.56,0.07,0.76,9.26,9.21,9.175,401797.3,468398.83,413531.22,0.25
2017-01-25,9.27,9.28,9.26,9.25,304401.97,-0.01,-0.11,9.23,9.192,9.161,405197.36,469128.25,409298.35,0.18
2017-01-24,9.23,9.28,9.27,9.2,470244.09,0.05,0.54,9.212,9.18,9.152,459170.84,469031.14,407520.31,0.28
2017-01-23,9.22,9.26,9.22,9.2,420299.31,0.0,0.0,9.188,9.168,9.145,474232.5,446112.13,399111.06,0.25
2017-01-20,9.17,9.23,9.22,9.17,393328.56,0.04,0.44,9.172,9.161,9.138,526805.8,440190.35,397241.7,0.23
2017-01-19,9.15,9.24,9.18,9.15,437712.88,0.01,0.11,9.16,9.152,9.134,535000.37,436672.92,394642.34,0.26
2017-01-18,9.14,9.19,9.17,9.13,574269.38,0.02,0.22,9.154,9.151,9.133,533059.14,427338.92,391252.72,0.34
2017-01-17,9.12,9.16,9.15,9.1,545552.38,0.01,0.11,9.148,9.15,9.13,478891.44,414844.93,394371.17,0.32
2017-01-16,9.15,9.16,9.14,9.07,683165.81,-0.02,-0.22,9.148,9.151,9.132,417991.75,406273.74,391794.08,0.4
2017-01-13,9.14,9.19,9.16,9.12,434301.38,0.01,0.11,9.15,9.147,9.138,353574.9,368217.9,377476.49,0.26
2017-01-12,9.13,9.17,9.15,9.13,428006.75,0.01,0.11,9.144,9.139,9.142,338345.47,358663.62,397142.07,0.25
2017-01-11,9.14,9.17,9.14,9.13,303430.88,-0.01,-0.11,9.148,9.13,9.155,321618.7,349468.45,405627.02,0.18
2017-01-10,9.15,9.16,9.15,9.14,241053.95,0.0,0.0,9.152,9.124,9.169,350798.43,346009.49,422744.05,0.14
2017-01-09,9.13,9.17,9.15,9.11,361081.56,0.02,0.22,9.154,9.121,9.186,394555.73,352109.99,473535.05,0.21
2017-01-06,9.17,9.17,9.13,9.11,358154.19,-0.04,-0.44,9.144,9.114,9.211,382860.9,354293.05,531190.94,0.24
2017-01-05,9.17,9.18,9.17,9.15,344372.91,0.01,0.11,9.134,9.115,9.231,378981.76,352611.75,546855.84,0.24
2017-01-04,9.15,9.18,9.16,9.14,449329.53,0.0,0.0,9.112,9.114,9.246,377318.2,355166.53,554307.43,0.31
2017-01-03,9.11,9.18,9.16,9.09,459840.47,0.06,0.66,9.096,9.109,9.263,341220.54,373897.41,561986.09,0.31
2016-12-30,9.08,9.1,9.1,9.06,302607.38,0.02,0.22,9.088,9.113,9.278,309664.24,377314.43,577212.35,0.21
2016-12-29,9.07,9.09,9.08,9.05,338758.53,0.02,0.22,9.084,9.128,9.3,325725.2,386735.08,603566.31,0.23
2016-12-28,9.08,9.11,9.06,9.04,336055.09,-0.02,-0.22,9.096,9.145,9.326,326241.74,435620.52,618928.6,0.23
2016-12-27,9.12,9.13,9.08,9.07,268841.25,-0.04,-0.44,9.116,9.179,9.351,333014.85,461785.59,653424.0,0.18
2016-12-26,9.06,9.13,9.12,9.02,302058.97,0.04,0.44,9.122,9.213,9.378,406574.28,499478.62,684370.9,0.21
2016-12-23,9.14,9.14,9.08,9.07,382912.16,-0.06,-0.66,9.138,9.251,9.403,444964.61,594960.12,733252.41,0.26
2016-12-22,9.15,9.16,9.14,9.11,341341.25,-0.02,-0.22,9.172,9.308,9.43,447744.97,708088.83,764790.55,0.23
2016-12-21,9.12,9.16,9.16,9.11,369920.62,0.05,0.55,9.194,9.346,9.447,544999.29,741099.92,786710.93,0.25
2016-12-20,9.2,9.2,9.11,9.08,636638.38,-0.09,-0.98,9.242,9.378,9.461,590556.32,753448.34,855858.37,0.44
2016-12-19,9.22,9.23,9.2,9.17,494010.62,-0.05,-0.54,9.304,9.416,9.474,592382.96,750074.77,883039.3,0.34
2016-12-16,9.24,9.29,9.25,9.21,396813.97,0.0,0.0,9.364,9.442,9.476,744955.63,777110.28,900850.93,0.27
2016-12-15,9.37,9.41,9.25,9.21,827612.88,-0.15,-1.6,9.444,9.472,9.472,968432.69,820397.53,906890.1,0.57
2016-12-14,9.42,9.51,9.4,9.4,597705.75,-0.02,-0.21,9.498,9.507,9.47,937200.55,802236.68,890775.66,0.41
2016-12-13,9.48,9.5,9.42,9.33,645771.56,-0.08,-0.84,9.514,9.522,9.462,916340.35,845062.41,881682.49,0.44
2016-12-12,9.65,9.77,9.5,9.44,1256874.0,-0.15,-1.55,9.528,9.542,9.452,907766.59,869263.18,877111.06,0.86
2016-12-09,9.5,9.75,9.65,9.48,1514199.25,0.13,1.37,9.52,9.555,9.438,809264.93,871544.7,863021.3,1.03
2016-12-08,9.5,9.55,9.52,9.43,671452.19,0.04,0.42,9.5,9.552,9.415,672362.38,821492.27,827924.82,0.46
2016-12-07,9.48,9.49,9.48,9.41,493404.75,-0.01,-0.1,9.516,9.547,9.396,667272.81,832321.93,825952.15,0.34
2016-12-06,9.48,9.52,9.49,9.45,602902.75,0.03,0.32,9.53,9.544,9.375,773784.48,958268.41,837412.75,0.41
2016-12-05,9.5,9.54,9.46,9.41,764365.69,-0.09,-0.94,9.556,9.531,9.358,830759.76,1016003.83,847602.36,0.52
2016-12-02,9.6,9.6,9.55,9.44,829686.5,-0.05,-0.52,9.59,9.509,9.341,933824.48,1024591.59,834246.08,0.57
2016-12-01,9.57,9.63,9.6,9.55,646004.38,0.05,0.52,9.604,9.472,9.319,970622.16,993382.68,818167.63,0.44
2016-11-30,9.65,9.72,9.55,9.5,1025963.06,-0.07,-0.73,9.578,9.433,9.296,997371.05,979314.64,816710.97,0.7
2016-11-29,9.59,9.7,9.62,9.55,887779.19,-0.01,-0.1,9.558,9.401,9.272,1142752.34,918302.57,797092.12,0.61
2016-11-28,9.69,9.78,9.63,9.6,1279689.25,0.01,0.1,9.506,9.362,9.249,1201247.9,884958.95,779803.05,0.87
2016-11-25,9.48,9.62,9.62,9.46,1013674.94,0.15,1.58,9.428,9.321,9.226,1115358.7,854497.9,732025.61,0.69
2016-11-24,9.44,9.52,9.47,9.42,779748.81,0.02,0.21,9.34,9.277,9.202,1016143.19,834357.37,703364.47,0.53
2016-11-23,9.34,9.56,9.45,9.34,1752869.5,0.09,0.96,9.288,9.244,9.189,961258.23,819582.37,689414.68,1.2
2016-11-22,9.24,9.36,9.36,9.23,1180257.0,0.12,1.3,9.244,9.206,9.179,693852.81,716557.09,647555.06,0.81
2016-11-21,9.18,9.28,9.24,9.17,850243.25,0.06,0.65,9.218,9.185,9.167,568670.0,679200.89,622737.04,0.58
2016-11-18,9.21,9.21,9.18,9.16,517597.38,-0.03,-0.33,9.214,9.173,9.159,593637.1,643900.57,597367.11,0.35
2016-11-17,9.22,9.22,9.21,9.18,505324.0,-0.02,-0.22,9.214,9.166,9.154,652571.56,642952.59,595619.05,0.35
2016-11-16,9.23,9.24,9.23,9.2,415842.41,0.0,0.0,9.2,9.158,9.148,677906.51,654107.3,600039.7,0.28
2016-11-15,9.2,9.24,9.23,9.18,554342.94,0.01,0.11,9.168,9.142,9.139,739261.38,675881.67,597208.74,0.38
2016-11-14,9.16,9.25,9.22,9.16,975078.75,0.04,0.44,9.152,9.136,9.132,789731.78,674647.15,586262.18,0.67
2016-11-11,9.14,9.18,9.18,9.11,812269.69,0.04,0.44,9.132,9.13,9.124,694164.05,609553.33,569126.64,0.56
2016-11-10,9.1,9.16,9.14,9.1,631998.75,0.07,0.77,9.118,9.127,9.122,633333.62,572371.57,542028.96,0.43
2016-11-09,9.14,9.14,9.07,9.01,722616.75,-0.08,-0.87,9.116,9.134,9.122,630308.1,559246.99,528597.56,0.49
2016-11-08,9.12,9.15,9.15,9.1,806694.94,0.03,0.33,9.116,9.151,9.125,612501.96,578553.02,523035.81,0.55
2016-11-07,9.1,9.12,9.12,9.07,497240.12,0.01,0.11,9.12,9.149,9.121,559562.52,566273.2,498105.3,0.34
2016-11-04,9.11,9.17,9.11,9.1,508117.56,-0.02,-0.22,9.128,9.144,9.118,524942.61,550833.65,488426.51,0.35
2016-11-03,9.06,9.14,9.13,9.05,616871.12,0.06,0.66,9.136,9.141,9.115,511409.52,548285.51,476588.93,0.42
2016-11-02,9.14,9.14,9.07,9.05,633586.06,-0.07,-0.77,9.152,9.137,9.111,488185.88,545972.1,465811.56,0.43
2016-10-28,9.16,9.23,9.17,9.14,541997.75,0.01,0.11,9.186,9.135,9.11,544604.08,518535.81,456106.35,0.37
2016-10-27,9.16,9.17,9.16,9.12,324140.56,0.01,0.11,9.178,9.127,9.109,572983.88,497877.21,443446.4,0.22
2016-10-26,9.22,9.22,9.15,9.13,440452.12,-0.06,-0.65,9.16,9.118,9.109,576724.68,528699.95,451970.04,0.3
2016-10-25,9.25,9.26,9.21,9.18,500752.91,-0.03,-0.33,9.146,9.116,9.105,585161.49,511686.35,450230.7,0.34
2016-10-24,9.13,9.3,9.24,9.12,915677.06,0.11,1.21,9.122,9.11,9.099,603758.32,497948.14,447027.0,0.63
2016-10-21,9.08,9.13,9.13,9.06,683896.75,0.06,0.66,9.084,9.098,9.093,492467.54,467518.59,418960.58,0.47
2016-10-20,9.08,9.09,9.07,9.05,342844.56,-0.01,-0.11,9.076,9.092,9.089,422770.54,429937.4,405839.81,0.23
2016-10-19,9.09,9.11,9.08,9.05,482636.16,-0.01,-0.11,9.076,9.091,9.095,480675.21,426019.38,411744.15,0.33
2016-10-18,9.03,9.09,9.09,9.03,593737.06,0.04,0.44,9.086,9.088,9.099,438211.22,404892.36,425441.43,0.41
2016-10-17,9.08,9.09,9.05,9.03,359223.16,-0.04,-0.44,9.098,9.085,9.114,392137.96,385651.02,412126.15,0.25
2016-10-14,9.06,9.09,9.09,9.04,335411.75,0.02,0.22,9.112,9.084,9.131,442569.64,393676.89,408925.91,0.23
2016-10-13,9.08,9.11,9.07,9.05,632367.94,-0.06,-0.66,9.108,9.09,9.147,437104.27,389015.6,415123.99,0.43
2016-10-12,9.14,9.16,9.13,9.12,270316.19,-0.02,-0.22,9.106,9.099,9.164,371363.54,375240.12,412242.51,0.18
2016-10-11,9.13,9.15,9.15,9.11,363370.78,0.03,0.33,9.09,9.094,9.178,371573.5,388775.04,422223.52,0.25
2016-10-10,9.1,9.17,9.12,9.08,611381.56,0.05,0.55,9.072,9.087,9.193,379164.08,396105.86,422494.8,0.42
2016-09-30,9.06,9.1,9.07,9.05,308084.88,0.01,0.11,9.056,9.087,9.21,344784.14,370402.57,415932.29,0.21
2016-09-29,9.05,9.08,9.06,9.05,303664.28,0.01,0.11,9.072,9.086,9.231,340926.92,381742.21,425015.38,0.21
2016-09-28,9.06,9.06,9.05,9.03,271366.0,-0.01,-0.11,9.092,9.099,9.251,379116.71,397468.92,439586.23,0.19
2016-09-27,9.04,9.07,9.06,9.01,401323.66,0.02,0.22,9.098,9.11,9.27,405976.58,445990.5,454279.52,0.27
2016-09-26,9.13,9.13,9.04,9.04,439481.88,-0.11,-1.2,9.102,9.142,9.289,413047.64,438601.27,459325.03,0.3
2016-09-23,9.16,9.19,9.15,9.14,288798.78,-0.01,-0.11,9.118,9.178,9.309,396021.0,424174.93,468220.42,0.2
2016-09-22,9.1,9.18,9.16,9.09,494613.22,0.08,0.88,9.1,9.203,9.323,422557.49,441232.38,490394.54,0.34
2016-09-21,9.08,9.1,9.08,9.03,405665.34,0.0,0.0,9.106,9.228,9.335,415821.13,449244.89,510196.72,0.28
2016-09-20,9.12,9.12,9.08,9.04,436678.97,-0.04,-0.44,9.122,9.262,9.351,486004.41,455672.01,538885.09,0.3
2016-09-19,9.05,9.14,9.12,9.05,354348.69,0.06,0.66,9.182,9.299,9.373,464154.91,448883.75,542317.87,0.24
2016-09-14,9.17,9.18,9.06,9.05,421481.25,-0.13,-1.42,9.238,9.332,9.392,452328.86,461462.0,559175.65,0.29
2016-09-13,9.18,9.21,9.19,9.14,460931.41,0.03,0.33,9.306,9.375,9.416,459907.26,468288.55,566137.85,0.32
2016-09-12,9.29,9.32,9.16,9.13,756581.75,-0.22,-2.35,9.35,9.403,9.433,482668.64,481703.53,598069.21,0.52
2016-09-09,9.4,9.43,9.38,9.36,327431.44,-0.02,-0.21,9.402,9.429,9.459,425339.61,462568.55,655117.74,0.22
2016-09-08,9.39,9.42,9.4,9.38,295218.44,0.0,0.0,9.416,9.436,9.465,433612.59,480048.79,707247.24,0.2
2016-09-07,9.41,9.42,9.4,9.37,459373.28,-0.01,-0.11,9.426,9.44,9.456,470595.14,512265.91,739265.12,0.31
2016-09-06,9.42,9.43,9.41,9.36,574738.31,-0.01,-0.11,9.444,9.443,9.443,476669.84,539556.7,738129.23,0.39
2016-09-05,9.46,9.46,9.42,9.4,469936.56,-0.03,-0.32,9.456,9.442,9.43,480738.42,571148.55,730176.13,0.32
2016-09-02,9.43,9.46,9.45,9.42,368796.34,0.0,0.0,9.456,9.44,9.414,499797.49,622098.17,726603.27,0.25
2016-09-01,9.49,9.52,9.45,9.42,480131.22,-0.04,-0.42,9.456,9.446,9.394,526484.99,635751.98,744460.86,0.33
2016-08-31,9.46,9.5,9.49,9.43,489746.75,0.02,0.21,9.454,9.451,9.371,553936.67,656889.29,787677.4,0.33
2016-08-30,9.42,9.47,9.47,9.41,595081.25,0.05,0.53,9.442,9.457,9.355,602443.57,663987.16,784421.17,0.41
2016-08-29,9.41,9.45,9.42,9.38,565231.88,-0.03,-0.32,9.428,9.462,9.344,661558.67,714434.89,777125.37,0.39
2016-08-26,9.45,9.47,9.45,9.4,502233.84,0.01,0.11,9.424,9.488,9.337,744398.84,847666.93,786830.0,0.34
2016-08-25,9.42,9.45,9.44,9.34,617389.62,0.01,0.11,9.436,9.493,9.325,745018.98,934445.7,795289.57,0.42
2016-08-24,9.41,9.43,9.43,9.38,732281.25,0.03,0.32,9.448,9.471,9.307,759841.92,966264.33,788415.61,0.5
2016-08-23,9.38,9.45,9.4,9.37,890656.75,0.0,0.0,9.472,9.442,9.286,725530.74,936701.75,792735.46,0.61
2016-08-22,9.5,9.51,9.4,9.36,979432.75,-0.11,-1.16,9.496,9.417,9.271,767311.12,889203.71,775530.47,0.67
2016-08-19,9.49,9.52,9.51,9.43,505334.53,0.01,0.1,9.552,9.388,9.25,950935.02,831108.37,739792.98,0.35
2016-08-18,9.56,9.59,9.5,9.43,691504.31,-0.05,-0.52,9.55,9.341,9.222,1123872.41,853169.73,729303.73,0.47
2016-08-17,9.52,9.6,9.55,9.48,560725.38,0.03,0.32,9.494,9.29,9.196,1172686.75,918465.51,711741.58,0.38
2016-08-16,9.68,9.68,9.52,9.46,1099558.62,-0.16,-1.65,9.412,9.253,9.167,1147872.76,904855.19,699251.63,0.75
2016-08-15,9.55,9.8,9.68,9.51,1897552.25,0.18,1.9,9.338,9.226,9.139,1011096.3,839815.85,662413.09,1.3
2016-08-12,9.2,9.53,9.5,9.18,1370021.5,0.28,3.04,9.224,9.186,9.107,711281.71,725993.07,592882.23,0.94
2016-08-11,9.14,9.35,9.22,9.13,935576.0,0.08,0.88,9.132,9.156,9.082,582467.05,656133.45,541982.85,0.64
2016-08-10,9.15,9.18,9.14,9.12,436655.44,-0.01,-0.11,9.086,9.142,9.068,664244.27,610566.89,513189.02,0.3
2016-08-09,9.09,9.15,9.15,9.07,415676.31,0.04,0.44,9.094,9.129,9.06,661837.62,648769.17,531270.68,0.28
2016-08-08,9.04,9.11,9.11,9.01,398479.31,0.07,0.77,9.114,9.125,9.047,668535.39,661857.24,546078.48,0.27
2016-08-05,8.99,9.07,9.04,8.95,725948.19,0.05,0.56,9.148,9.112,9.029,740704.42,648477.59,544423.14,0.5
2016-08-04,9.17,9.18,8.99,8.93,1344462.12,-0.19,-2.07,9.18,9.102,9.014,729799.84,605437.74,521192.85,0.92
2016-08-03,9.21,9.22,9.18,9.15,424622.19,-0.07,-0.76,9.198,9.102,9.003,556889.5,505017.65,469612.39,0.29
2016-08-02,9.24,9.26,9.25,9.17,449165.16,-0.03,-0.32,9.164,9.08,8.984,635700.72,493648.07,464528.79,0.31
2016-08-01,9.18,9.34,9.28,9.17,759324.44,0.08,0.87,9.136,9.052,8.962,655179.08,485010.34,463172.4,0.52
2016-07-29,9.08,9.24,9.2,9.03,671425.31,0.12,1.32,9.076,9.028,8.938,556250.76,459771.38,455619.03,0.46
2016-07-28,8.98,9.11,9.08,8.97,479910.38,0.07,0.78,9.024,9.007,8.914,481075.63,427832.25,439494.28,0.33
2016-07-27,9.12,9.17,9.01,8.91,818678.31,-0.1,-1.1,9.006,8.993,8.895,453145.81,415811.15,433609.0,0.56
2016-07-26,8.97,9.12,9.11,8.97,546556.94,0.13,1.45,8.996,8.991,8.879,351595.43,413772.18,411155.66,0.37
2016-07-25,8.93,8.98,8.98,8.91,264682.88,0.04,0.45,8.968,8.968,8.855,314841.6,430299.72,400653.78,0.18
2016-07-22,8.99,8.99,8.94,8.92,295549.62,-0.05,-0.56,8.98,8.945,8.836,363292.01,440368.69,403680.35,0.2
2016-07-21,8.95,9.01,8.99,8.95,340261.28,0.03,0.34,8.99,8.925,8.818,374588.87,436947.96,410286.07,0.23
2016-07-20,8.96,8.99,8.96,8.95,310926.41,-0.01,-0.11,8.98,8.904,8.801,378476.49,434207.14,410053.72,0.21
2016-07-19,9.04,9.05,8.97,8.95,362787.81,-0.07,-0.77,8.986,8.887,8.79,475948.93,435409.51,418407.5,0.25
2016-07-18,8.99,9.08,9.04,8.97,506934.91,0.05,0.56,8.968,8.871,8.772,545757.85,441334.46,419305.6,0.35
2016-07-15,8.95,9.0,8.99,8.91,352033.94,0.05,0.56,8.91,8.848,8.75,517445.37,451466.68,407495.43,0.24
2016-07-14,8.97,9.0,8.94,8.91,359699.38,-0.05,-0.56,8.86,8.82,8.729,499307.04,451156.31,405652.39,0.25
2016-07-13,8.88,9.05,8.99,8.86,798288.62,0.11,1.24,8.828,8.796,8.711,489937.78,451406.86,407000.92,0.55
2016-07-12,8.75,8.89,8.88,8.74,711832.38,0.13,1.49,8.788,8.766,8.783,394870.09,408539.15,385995.11,0.49
2016-07-11,8.75,8.79,8.75,8.74,365372.53,0.01,0.11,8.774,8.741,8.859,336911.07,371007.84,364085.35,0.25
2016-07-08,8.79,8.79,8.74,8.73,261342.3,-0.04,-0.46,8.786,8.727,8.938,385487.99,366992.01,363057.57,0.18
2016-07-07,8.79,8.8,8.78,8.74,312853.09,-0.01,-0.11,8.78,8.71,9.026,403005.57,383624.18,363399.87,0.21
2016-07-06,8.8,8.82,8.79,8.76,322950.16,-0.02,-0.23,8.764,8.698,9.113,412875.93,385900.3,359221.32,0.22
2016-07-05,8.8,8.83,8.81,8.77,422037.28,0.0,0.0,8.744,8.692,9.199,422208.21,401405.48,359990.41,0.29
2016-07-04,8.69,8.86,8.81,8.67,608257.12,0.1,1.15,8.708,8.672,9.284,405104.61,397276.74,360058.01,0.42
2016-07-01,8.69,8.73,8.71,8.68,348930.19,0.01,0.12,8.668,8.651,9.366,348496.02,363524.18,344296.97,0.24
2016-06-30,8.69,8.74,8.7,8.66,362204.88,0.01,0.12,8.64,8.638,9.455,364242.8,360148.47,354688.0,0.25
2016-06-29,8.63,8.69,8.69,8.62,369611.56,0.06,0.69,8.632,8.625,9.547,358924.67,362594.99,383901.12,0.25
2016-06-28,8.58,8.64,8.63,8.56,336519.28,0.02,0.23,8.64,8.8,9.627,380602.76,363451.07,384467.89,0.23
2016-06-27,8.57,8.64,8.61,8.54,325214.19,0.04,0.47,8.636,8.977,9.709,389448.87,357162.87,378782.87,0.22
2016-06-24,8.64,8.7,8.57,8.52,427664.09,-0.09,-1.04,8.634,9.149,9.789,378552.35,359123.13,375591.99,0.29
2016-06-23,8.67,8.7,8.66,8.63,335614.22,-0.07,-0.8,8.636,9.342,9.872,356054.13,343175.55,364420.55,0.23
2016-06-22,8.6,8.73,8.73,8.58,478002.0,0.12,1.39,8.618,9.528,9.95,366265.3,332542.34,360604.54,0.33
2016-06-21,8.61,8.65,8.61,8.58,380749.84,0.01,0.12,8.96,9.706,10.027,346299.39,318575.34,352886.78,0.26
2016-06-20,8.59,8.6,8.6,8.56,270731.59,0.02,0.23,9.318,9.895,10.112,324876.87,322839.29,344184.48,0.19
2016-06-17,8.57,8.61,8.58,8.54,315173.0,0.01,0.12,9.664,10.081,10.194,339693.92,325069.75,339186.79,0.22
2016-06-16,8.57,8.6,8.57,8.53,386670.09,0.0,0.0,10.048,10.271,10.28,330296.97,349227.54,350135.67,0.26
2016-06-15,10.33,10.48,10.44,10.32,378172.41,0.04,0.39,10.438,10.469,10.367,298819.38,405207.25,343323.37,0.31
2016-06-14,10.34,10.41,10.4,10.32,273637.25,0.07,0.68,10.452,10.453,10.363,290851.3,405484.7,335175.99,0.22
2016-06-13,10.46,10.47,10.33,10.33,344816.84,-0.17,-1.62,10.472,10.44,10.36,320801.71,400402.87,330707.43,0.28
2016-06-08,10.54,10.54,10.5,10.46,268188.25,-0.02,-0.19,10.498,10.429,10.363,310445.58,392060.84,329760.86,0.22
2016-06-07,10.52,10.53,10.52,10.48,229282.16,0.01,0.1,10.494,10.402,10.356,368158.12,385665.55,332715.93,0.19
2016-06-06,10.51,10.53,10.51,10.45,338332.0,0.01,0.1,10.5,10.371,10.344,511595.13,388666.74,335881.81,0.28
2016-06-03,10.47,10.52,10.5,10.41,423389.28,0.04,0.38,10.454,10.348,10.336,520118.1,387198.22,339523.76,0.35
2016-06-02,10.47,10.48,10.46,10.42,293036.22,-0.02,-0.19,10.408,10.328,10.337,480004.03,365529.67,335681.55,0.24
2016-06-01,10.51,10.55,10.48,10.44,556750.94,-0.07,-0.66,10.36,10.307,10.35,473676.09,353303.82,333005.58,0.46
2016-05-31,10.26,10.57,10.55,10.26,946467.19,0.27,2.63,10.31,10.289,10.362,403172.99,351043.79,325789.81,0.78
2016-05-30,10.25,10.28,10.28,10.2,380946.88,0.01,0.1,10.242,10.264,10.369,265738.36,281439.49,302921.56,0.31
2016-05-27,10.22,10.29,10.27,10.19,222818.92,0.05,0.49,10.242,10.272,10.383,254278.33,264867.27,304123.1,0.18
2016-05-26,10.22,10.27,10.22,10.17,261396.53,-0.01,-0.1,10.248,10.28,10.403,251055.3,261011.99,315855.17,0.21
2016-05-25,10.25,10.28,10.23,10.19,204235.41,0.02,0.2,10.254,10.296,10.42,232931.55,267460.89,314763.04,0.17
2016-05-24,10.27,10.28,10.21,10.19,259294.05,-0.07,-0.68,10.268,10.31,10.438,298914.59,279766.3,319136.24,0.21
2016-05-23,10.33,10.34,10.28,10.25,323646.75,-0.02,-0.19,10.286,10.317,10.453,297140.63,283096.87,323634.43,0.27
2016-05-20,10.24,10.33,10.3,10.19,206703.77,0.05,0.49,10.302,10.324,10.466,275456.21,291849.3,325435.94,0.18
2016-05-19,10.27,10.32,10.25,10.25,170777.77,-0.05,-0.48,10.312,10.346,10.477,270968.68,305833.43,343040.72,0.14
2016-05-18,10.29,10.32,10.3,10.17,534150.62,0.0,0.0,10.338,10.393,10.49,301990.23,312707.34,364831.14,0.45
2016-05-17,10.36,10.37,10.3,10.24,250424.22,-0.06,-0.58,10.352,10.435,10.514,260618.0,300535.84,349035.61,0.21
2016-05-16,10.32,10.36,10.36,10.25,215224.69,0.01,0.1,10.348,10.473,10.535,269053.12,324403.62,354047.09,0.18
2016-05-13,10.35,10.4,10.35,10.33,184266.11,-0.03,-0.29,10.346,10.494,10.561,308242.38,343378.92,368147.06,0.16
2016-05-12,10.31,10.4,10.38,10.25,325885.5,0.01,0.1,10.38,10.525,10.586,340698.19,370698.35,375116.07,0.28
2016-05-11,10.3,10.44,10.37,10.3,327289.5,0.09,0.88,10.448,10.544,10.607,323424.45,362065.2,401659.82,0.28
2016-05-10,10.34,10.37,10.28,10.27,292599.78,-0.07,-0.68,10.518,10.566,10.622,340453.67,358506.18,400225.32,0.25
2016-05-09,10.5,10.53,10.35,10.32,411171.03,-0.17,-1.62,10.598,10.588,10.644,379754.13,364171.98,424914.63,0.35
2016-05-06,10.73,10.73,10.52,10.52,346545.12,-0.2,-1.87,10.642,10.608,10.655,378515.46,359022.59,423183.77,0.29
2016-05-05,10.69,10.72,10.72,10.65,239516.83,0.0,0.0,10.67,10.607,10.659,400698.52,380248.0,424742.49,0.2
2016-05-04,10.68,10.75,10.72,10.66,412435.59,0.04,0.38,10.64,10.587,10.659,400705.94,416954.94,434529.63,0.35
2016-05-03,10.58,10.72,10.68,10.52,489102.09,0.11,1.04,10.614,10.592,10.658,376558.7,397535.37,443523.28,0.41
2016-04-29,10.64,10.64,10.57,10.55,404977.66,-0.09,-0.84,10.578,10.597,10.657,348589.83,383690.56,437535.27,0.34
2016-04-28,10.58,10.76,10.66,10.54,457460.41,0.09,0.85,10.574,10.628,10.66,339529.72,392915.2,438205.78,0.39
2016-04-27,10.58,10.61,10.57,10.52,239553.94,-0.02,-0.19,10.544,10.646,10.662,359797.48,379533.79,442317.76,0.2
2016-04-26,10.48,10.6,10.59,10.46,291699.38,0.09,0.86,10.534,10.67,10.655,433203.94,441254.44,446255.96,0.25
2016-04-25,10.56,10.56,10.5,10.42,349257.75,-0.05,-0.47,10.57,10.678,10.65,418512.05,441944.45,449602.04,0.3
2016-04-22,10.46,10.62,10.55,10.41,359677.12,0.04,0.38,10.616,10.7,10.654,418791.3,485657.28,443992.68,0.3
2016-04-21,10.52,10.63,10.51,10.45,558799.19,-0.01,-0.1,10.682,10.702,10.653,446300.68,487344.95,444629.13,0.47
2016-04-20,10.77,10.78,10.52,10.36,606586.25,-0.25,-2.32,10.748,10.71,10.662,399270.11,469236.99,438203.08,0.51
2016-04-19,10.77,10.81,10.77,10.71,218239.94,0.04,0.37,10.806,10.73,10.672,449304.93,452104.32,439147.89,0.18
2016-04-18,10.82,10.85,10.73,10.73,350654.0,-0.15,-1.38,10.786,10.723,10.674,465376.85,489511.19,474257.54,0.3
2016-04-15,10.84,10.94,10.88,10.8,497224.03,0.04,0.37,10.784,10.716,10.664,552523.25,491379.98,496585.63,0.42
2016-04-14,10.88,10.9,10.84,10.79,323646.31,0.03,0.28,10.722,10.692,10.641,528389.22,483496.36,502274.25,0.27
2016-04-13,10.73,10.97,10.81,10.71,856760.38,0.14,1.31,10.672,10.678,10.617,539203.88,505101.73,519336.24,0.73
2016-04-12,10.7,10.71,10.67,10.62,298599.53,-0.05,-0.47,10.654,10.64,10.592,454903.71,451257.48,497394.24,0.25
2016-04-11,10.6,10.8,10.72,10.6,786386.0,0.15,1.42,10.66,10.621,10.572,513645.52,457259.63,515222.18,0.67
2016-04-08,10.55,10.67,10.57,10.5,376553.88,-0.02,-0.19,10.648,10.608,10.544,430236.7,402328.08,495089.71,0.32
2016-04-07,10.72,10.73,10.59,10.59,377719.59,-0.13,-1.21,10.662,10.603,10.523,438603.51,401913.31,499963.03,0.32
2016-04-06,10.68,10.75,10.72,10.61,435259.53,0.02,0.19,10.684,10.614,10.502,470999.59,407169.17,497372.09,0.37
2016-04-05,10.62,10.81,10.7,10.5,592308.62,0.04,0.38,10.626,10.614,10.48,447611.26,426191.47,507766.93,0.5
2016-04-01,10.62,10.69,10.66,10.5,369341.88,0.02,0.19,10.582,10.624,10.462,400873.73,459003.89,508469.15,0.31
2016-03-31,10.71,10.75,10.64,10.64,418387.91,-0.06,-0.56,10.568,10.612,10.449,374419.45,501791.28,559064.51,0.35
2016-03-30,10.48,10.7,10.7,10.47,539700.0,0.27,2.59,10.544,10.59,10.422,365223.12,521052.13,565799.59,0.46
2016-03-29,10.51,10.52,10.43,10.38,318317.88,-0.05,-0.48,10.544,10.555,10.392,343338.75,533570.75,572645.27,0.27
2016-03-28,10.62,10.65,10.48,10.45,358621.0,-0.11,-1.04,10.602,10.544,10.356,404771.68,543531.0,575624.92,0.3
2016-03-25,10.51,10.6,10.59,10.5,237070.48,0.07,0.67,10.666,10.522,10.31,517134.04,573184.72,586038.69,0.2
2016-03-24,10.61,10.63,10.52,10.5,372406.25,-0.18,-1.68,10.656,10.479,10.27,629163.11,587851.35,593792.89,0.32
2016-03-23,10.71,10.77,10.7,10.61,430278.16,-0.02,-0.19,10.636,10.442,10.227,676881.13,598012.75,606276.21,0.36
2016-03-22,10.77,10.94,10.72,10.69,625482.5,-0.08,-0.74,10.566,10.389,10.2,723802.74,587575.0,599767.49,0.53
2016-03-21,10.55,10.86,10.8,10.55,920432.81,0.26,2.47,10.486,10.345,10.17,682290.31,589342.39,589787.08,0.78
2016-03-18,10.42,10.57,10.54,10.4,797215.81,0.12,1.15,10.378,10.299,10.144,629235.4,557934.41,574652.41,0.68
2016-03-17,10.36,10.48,10.42,10.3,610996.38,0.07,0.68,10.302,10.285,10.119,546539.58,616337.75,550736.53,0.52
2016-03-16,10.27,10.45,10.35,10.25,664886.19,0.03,0.29,10.248,10.254,10.103,519144.37,610547.05,540495.63,0.56
2016-03-15,10.28,10.36,10.32,10.16,417920.38,0.06,0.58,10.212,10.229,10.093,451347.26,611719.8,536509.67,0.35
2016-03-14,10.21,10.46,10.26,10.21,655158.25,0.1,0.98,10.204,10.167,10.077,496394.48,607718.84,537032.97,0.56
2016-03-11,10.1,10.22,10.16,10.04,383736.72,0.01,0.1,10.22,10.097,10.054,486633.43,598892.66,518200.03,0.33
2016-03-10,10.24,10.35,10.15,10.13,474020.31,-0.02,-0.2,10.268,10.06,10.042,686135.91,599734.43,512557.86,0.4
2016-03-09,10.14,10.22,10.17,10.04,325900.66,-0.11,-1.07,10.26,10.012,10.032,701949.72,614539.68,507511.82,0.28
2016-03-08,10.36,10.36,10.28,9.94,643156.44,-0.06,-0.58,10.246,10.01,10.016,772092.34,611959.97,504945.39,0.54
2016-03-07,10.35,10.49,10.34,10.3,606353.0,-0.06,-0.58,10.13,9.994,9.999,719043.21,590231.76,491242.78,0.51
2016-03-04,10.09,10.5,10.4,10.07,1381249.12,0.29,2.87,9.974,9.989,9.972,711151.89,591370.41,481811.74,1.17
2016-03-03,10.09,10.18,10.11,10.04,553089.38,0.01,0.1,9.852,9.953,9.952,513332.95,485135.32,439971.07,0.47
2016-03-02,9.75,10.13,10.1,9.72,676613.75,0.4,4.12,9.764,9.951,9.931,527129.63,470444.21,427443.64,0.57
2016-03-01,9.62,9.77,9.7,9.58,377910.81,0.14,1.46,9.774,9.956,9.92,451827.6,461299.54,422064.8,0.32
2016-02-29,9.79,9.81,9.56,9.42,566896.38,-0.23,-2.35,9.858,9.987,9.929,461420.31,466347.1,435564.32,0.48
2016-02-26,9.77,9.83,9.79,9.66,392154.41,0.12,1.24,10.004,10.01,9.969,471588.93,437507.4,426041.09,0.33
2016-02-25,10.12,10.13,9.67,9.6,622072.81,-0.48,-4.73,10.054,10.023,10.0,456937.69,425381.3,429770.97,0.53
2016-02-24,10.06,10.15,10.15,10.01,300103.59,0.03,0.3,10.138,10.051,10.032,413758.78,400483.96,428974.59,0.25
2016-02-23,10.29,10.29,10.12,10.05,425874.38,-0.17,-1.65,10.138,10.021,10.052,470771.48,397930.82,444157.03,0.36
2016-02-22,10.13,10.31,10.29,10.06,617739.44,0.25,2.49,10.116,10.004,10.081,471273.88,392253.8,447918.77,0.52
2016-02-19,10.09,10.14,10.04,9.99,318898.25,-0.05,-0.5,10.016,9.955,10.087,403425.88,372253.07,438083.84,0.27
2016-02-18,10.18,10.22,10.09,10.09,406178.25,-0.06,-0.59,9.992,9.951,10.108,393824.9,394806.82,444549.03,0.34
2016-02-17,10.03,10.22,10.15,9.99,585167.06,0.14,1.4,9.964,9.911,10.142,387209.14,384443.07,457555.85,0.5
2016-02-16,9.84,10.03,10.01,9.83,428386.38,0.22,2.25,9.904,9.884,10.17,325090.16,382830.07,447882.97,0.36
2016-02-15,9.66,9.85,9.79,9.65,278499.47,-0.13,-1.31,9.892,9.87,10.21,313233.72,404781.54,454545.77,0.24
2016-02-05,9.96,9.97,9.92,9.91,270893.34,-0.03,-0.3,9.894,9.928,10.259,341080.25,414574.77,477221.49,0.23
2016-02-04,9.89,10.0,9.95,9.88,373099.47,0.1,1.01,9.91,9.976,10.319,395788.73,434160.65,501053.2,0.32
2016-02-03,9.85,9.89,9.85,9.77,274572.16,-0.1,-1.0,9.858,10.013,10.368,381676.99,457465.21,491136.28,0.23
2016-02-02,9.8,10.03,9.95,9.78,369104.16,0.15,1.53,9.864,10.082,10.452,440569.97,490383.25,503193.0,0.31
2016-02-01,9.98,10.01,9.8,9.74,417732.12,-0.2,-2.0,9.848,10.158,10.525,496329.37,503583.74,517901.29,0.35
2016-01-29,9.74,10.08,10.0,9.69,544435.75,0.31,3.2,9.962,10.219,10.601,488069.29,503914.61,525189.58,0.46
2016-01-28,9.82,9.89,9.69,9.65,302540.78,-0.19,-1.92,10.042,10.265,10.701,472532.56,494291.25,522530.73,0.26
2016-01-27,9.93,9.98,9.88,9.6,569037.06,0.01,0.1,10.168,10.373,10.821,533253.43,530668.63,534037.05,0.48
2016-01-26,10.32,10.32,9.87,9.86,647901.12,-0.5,-4.82,10.3,10.456,10.932,540196.52,512935.87,536575.3,0.55
2016-01-25,10.4,10.44,10.37,10.33,376431.72,-0.03,-0.29,10.468,10.55,11.037,510838.11,504309.99,545300.68,0.32
2016-01-22,10.4,10.45,10.4,10.22,466752.12,0.08,0.78,10.476,10.589,11.139,519759.94,539868.22,546471.34,0.4
2016-01-21,10.48,10.75,10.32,10.32,606145.12,-0.22,-2.09,10.488,10.661,11.236,516049.94,567945.76,555145.22,0.51
2016-01-20,10.7,10.8,10.54,10.44,603752.5,-0.17,-1.59,10.578,10.723,11.344,528083.83,524807.36,576788.87,0.51
2016-01-19,10.45,10.78,10.71,10.41,501109.09,0.3,2.88,10.612,10.822,11.439,485675.22,516002.75,581505.82,0.42
2016-01-18,10.34,10.56,10.41,10.3,421040.88,-0.05,-0.48,10.632,10.891,11.529,497781.87,532218.84,620507.47,0.36
2016-01-15,10.66,10.8,10.46,10.42,448202.12,-0.31,-2.88,10.702,10.983,11.62,559976.49,546464.54,650602.67,0.38
2016-01-14,10.59,10.8,10.77,10.48,666314.56,0.06,0.56,10.834,11.136,11.7,619841.58,550770.22,660606.3,0.56
2016-01-13,10.89,10.94,10.71,10.7,391709.47,-0.1,-0.93,10.868,11.269,11.756,521530.89,537405.47,646928.71,0.33
2016-01-12,10.83,10.91,10.81,10.64,561642.31,0.05,0.47,11.032,11.407,11.817,546330.28,560214.73,645567.6,0.48
2016-01-11,11.0,11.08,10.76,10.68,732014.0,-0.36,-3.24,11.15,11.524,11.88,566655.81,586291.36,646847.32,0.62
2016-01-08,11.21,11.29,11.12,10.9,747527.56,0.18,1.65,11.264,11.689,11.933,532952.58,553074.47,629222.02,0.63
2016-01-07,11.41,11.41,10.94,10.91,174761.09,-0.59,-5.12,11.438,11.811,11.975,481698.85,542344.67,612725.82,0.15
2016-01-06,11.42,11.56,11.53,11.39,515706.44,0.13,1.14,11.67,11.965,12.028,553280.05,628770.39,625456.98,0.44
2016-01-05,11.27,11.57,11.4,11.15,663269.94,0.07,0.62,11.782,12.055,12.049,574099.18,647008.89,624826.75,0.56
2016-01-04,12.0,12.03,11.33,11.23,563497.88,-0.66,-5.5,11.898,12.166,12.087,605926.92,708796.11,611802.89,0.48
