code,status,created,updated,reason
59c3edc66a66ae9cef54d8d4748fede1,0,2018-05-10,2018-07-20,
9cbe82b67ea2fd4573f172442fc9db24,1,2018-07-18,2018-07-18,
db8bade9865e72af442a1e76946fb1ee,1,2018-07-18,2018-07-20,
ce384a56d23a4e5c5c1aa23b0541ef5a,1,2018-07-18,2018-07-20,
d7c95e55bf52784cf94c5177fbb69cb7,1,2018-07-18,2018-07-20,
2bad0e08d24396a65f8c1769c8c0bb6a,1,2018-07-18,2018-07-20,
23c73714888aade95acc3f1b66406a85,1,2018-07-18,2018-07-20,
eba2732ac7a07dea93ab2fdef7f6f443,1,2018-07-18,2018-07-20,
0a770bca5830fdffcad14689b0101f1c,1,2018-07-18,2018-07-20,
d5604b52db606d197437e68ae9dd44c2,1,2018-07-18,2018-07-20,
fdf0c503d44fa61d501750cb55252f0f,1,2018-07-18,2018-07-20,
2ddb0996132adde9e09da11e26b6fd5e,1,2018-07-18,2018-07-20,
45320ae3793aa200c20fd08badeed74f,1,2018-07-18,2018-07-20,
efe5aaa6fd44e1886ff9b0431ee660d9,1,2018-07-18,2018-07-20,
663bd32cf896fcfa6335847a204242a9,1,2018-07-18,2018-07-20,
73f81c8525bcf6315a5b1333847b7833,1,2018-07-18,2018-07-20,
069f1869f2906016af5bc65796ad9944,1,2018-07-18,2018-07-20,
459dc95a0934885594892b7e19704790,1,2018-07-18,2018-07-20,
87710e15b2cbd3aab9dcfb5441c54bb6,1,2018-07-18,2018-07-20,
f23a7ed07dc87dd8f2de52359e402172,1,2018-07-18,2018-07-20,
bdd6a8a24e0759688f80170f8a87f7ab,1,2018-07-18,2018-07-20,
4def9773c1730421494f0aa8c7cd3c94,1,2018-07-18,2018-07-20,
dceb365881f5c1f186c2351d8295cdf9,1,2018-07-18,2018-07-20,
ce1f3a2fd471e4c9bab6cb7af4b3beb3,1,2018-07-18,2018-07-20,
74e32651c1de0369c387393ec12eeacf,1,2018-07-18,2018-07-20,
29a66da8e9451e3a256972c9dc3a9c50,1,2018-07-18,2018-07-20,
74ec755ec4401cce4ccb9542af2a2cfc,1,2018-07-18,2018-07-20,
a8d20098b0c5fe6a306ffb9051c9855d,1,2018-07-18,2018-07-20,
a71001e267fb98b4a0d3e678df8b324d,1,2018-07-18,2018-07-20,
e85c333a3d92795b24067ca986fa1272,1,2018-07-18,2018-07-20,
69a8a9200a06db8dacf4db3d8b5d69b3,1,2018-07-18,2018-07-20,
96d0bda82f2a4d30c82193303cde2c07,1,2018-07-18,2018-07-20,
0684134bcc0a8224fcda7914d321e734,1,2018-07-18,2018-07-20,
e97651644e6a171686e34e7c367b74c5,1,2018-07-18,2018-07-20,
f259c5783a7283eeeb2094c16164cbd7,1,2018-07-18,2018-07-20,
731c5c62fe85b34bc994135861631ba6,1,2018-07-18,2018-07-20,
37b5fb04a0c52b0035d6d3309e37af14,0,2018-07-24,2018-07-24,
37b5fb04a0c52b0035d6d3309e37af14,1,2018-07-24,2018-07-24,cx
d3e1dc70c45ccaec86a53010c9a1f1bb,1,2018-07-24,2018-07-24,cdft
69b69badb2d43062ee774ee2f8d3db3c,1,2018-07-24,2018-07-24,cdft
b560719887ba447323e1ea43e9f44ca9,1,2018-07-24,2018-07-24,cdft
82a160512df4baa6079c1075ac62f911,1,2018-07-24,2018-07-24,xt
6acacb34ec8acf68e75c94d8680284b1,1,2018-07-24,2018-07-24,cd
54922e3d95483eb9675b22f3261a78dd,1,2018-07-24,2018-07-24,cd
6bea3f287f8ea23c2f4871b1fd9282bc,1,2018-07-24,2018-07-24,cdft
4dda8e67fbff97ea6f379b3b9d06f384,1,2018-07-24,2018-07-24,cdft
7a84ba9034cc9dd2638e788c69fa73b0,1,2018-07-24,2018-07-24,xt
d86724110e8f14b94cff55cb136490ea,1,2018-07-24,2018-07-24,xt
5ee7e0a74bf2838f828e73e4246f5d33,1,2018-07-24,2018-07-24,cdft
51a48b0b4fc27c05bcf0cf95deab3a4f,1,2018-07-24,2018-07-24,cd
a20279944559c534f85494988b52b71f,1,2018-06-19,2018-07-24,cdft
fe2403994e54f11fe3a52374b7aa0ff7,1,2018-07-24,2018-07-24,tpxt
00df42d21781ac77c0cf1d4bef0b6f17,1,2018-07-24,2018-07-24,cx
a1cdd96f8b19dc62875f287f109807cf,1,2018-05-25,2018-07-24,xt
e14c910b1eb765c3e18b525234d97d73,1,2018-07-24,2018-07-24,cdft
51967a27fb5698719c34e10f064f7b86,1,2018-05-25,2018-07-24,tpxt
3dbe89ba7d180b17f21b97ec2e4068f5,1,2018-07-24,2018-07-24,cdft
8af7b08abec46d83ff0617166fe8fac4,1,2018-07-24,2018-07-24,cdft
20e6f0416d7380c5a0dfb45bbc726a2d,1,2018-07-24,2018-07-24,qs
da62f7a04c632d088d5add15bdf83d74,1,2018-07-24,2018-07-24,tpxt
de34a55c53f880c393acc5e0b1a5d8c8,1,2018-07-24,2018-07-24,tpxt
63847929f6bd932186348c23fe5ae997,1,2018-07-24,2018-07-24,cd
e44ad668539fa5eeedd970c9b231494c,1,2018-06-02,2018-07-24,tpxt
b3270088547ca933bb4a0d23a0a76481,1,2018-07-24,2018-07-24,tpxt
12c9ec6567e155ed8a300fcfe8521ba9,1,2018-07-24,2018-07-24,tpxt
