code,cd_start,cd_end,stage,xt_start,xt_end,xt_stg,max_p_chg,max_dis,max_day
00cafb67ff5af6d95100ff0934e51065,2018-05-10,2018-06-25,6,2018-06-26,2018-07-06,6,4.09,1,2018-07-09
00cafb67ff5af6d95100ff0934e51065,2018-01-02,2018-02-07,6,2018-02-08,2018-02-23,6,9.99,10,2018-03-09
ed7df5896c0445627d5a8c1498c944ef,2018-01-02,2018-02-06,6,2018-02-08,2018-03-05,6,7.49,5,2018-03-12
2b9a82901ad1ac59899836574776fd99,2018-03-12,2018-03-23,6,2018-04-03,2018-04-13,6,10.01,1,2018-04-16
eba2732ac7a07dea93ab2fdef7f6f443,2018-04-09,2018-04-20,6,2018-04-23,2018-05-11,6,81.15,10,2018-05-25
cf0dab531d0dc4e1a58f28bfbe8d7d2a,2018-08-27,2018-09-03,6,2018-09-04,2018-09-26,5,11.66,2,2018-09-28
cf0dab531d0dc4e1a58f28bfbe8d7d2a,2018-05-22,2018-07-12,6,2018-07-13,2018-07-25,6,3.82,1,2018-07-26
f8f2b31044232040826399984bbbc7cf,2018-03-30,2018-04-23,6,2018-04-24,2018-05-09,6,2.38,1,2018-05-10
f8f2b31044232040826399984bbbc7cf,2018-01-12,2018-02-06,6,2018-02-07,2018-02-26,6,8.46,9,2018-03-09
85e6f2c9b239b6c3bbed890547319aca,2018-06-07,2018-06-19,6,2018-06-20,2018-06-28,6,17.82,8,2018-07-10
6c2ef24514788eb54bb45002839fcba9,2018-01-10,2018-02-02,6,2018-02-05,2018-02-13,6,8.88,6,2018-02-28
679e25ee4755ff0aa8947418a97257b3,2018-06-06,2018-06-19,6,2018-06-20,2018-07-13,6,8.72,2,2018-07-17
57153c3e2be1f853f1481e1b0ee7b6d0,2018-04-03,2018-04-17,6,2018-04-18,2018-06-15,6,12.19,2,2018-06-20
0b8fbc4171e868fa4ede836468676eb7,2018-07-25,2018-08-03,6,2018-08-06,2018-09-27,5,7.36,1,2018-09-28
0b8fbc4171e868fa4ede836468676eb7,2018-01-26,2018-02-02,6,2018-02-05,2018-02-26,6,18.72,10,2018-03-12
4a4366de9bb262e2f1bdf78a566bddef,2018-06-06,2018-06-13,6,2018-06-14,2018-07-11,6,5.28,1,2018-07-12
4a4366de9bb262e2f1bdf78a566bddef,2018-01-17,2018-02-06,6,2018-02-07,2018-03-07,6,9.76,6,2018-03-15
b8eb3cf27721b468d80a1cdc17d238d3,2018-01-03,2018-02-06,6,2018-02-07,2018-02-28,6,15.1,7,2018-03-09
4b12303c5cd35264dee6e25178644e49,2018-07-25,2018-08-06,6,2018-08-08,2018-08-28,6,14.78,2,2018-08-30
4b12303c5cd35264dee6e25178644e49,2018-06-08,2018-06-19,6,2018-06-20,2018-07-02,6,6.29,1,2018-07-03
4b12303c5cd35264dee6e25178644e49,2018-01-24,2018-02-06,6,2018-02-07,2018-02-23,6,18.61,10,2018-03-09
0157e926d28eb94988f85d1286ced9ba,2018-04-02,2018-04-23,6,2018-04-24,2018-05-08,6,4.08,2,2018-05-10
fb62d01515998f42b45dbf157f948be9,2018-08-27,2018-09-10,6,2018-09-11,2018-09-27,5,6.51,1,2018-09-28
fb62d01515998f42b45dbf157f948be9,2018-07-27,2018-08-08,6,2018-08-09,2018-08-23,6,5.44,2,2018-08-27
fb62d01515998f42b45dbf157f948be9,2018-05-28,2018-06-04,6,2018-06-05,2018-06-15,6,12.32,6,2018-06-26
fb62d01515998f42b45dbf157f948be9,2018-01-17,2018-02-06,6,2018-02-07,2018-03-01,6,16.85,7,2018-03-12
db5f9ce034b8f125a42889f2add45a40,2018-01-23,2018-02-06,6,2018-02-07,2018-02-27,6,14.2,9,2018-03-12
43d4f50f5aed8f88760a0c8c872adb9a,2018-05-23,2018-05-30,6,2018-05-31,2018-06-13,6,23.32,4,2018-06-20
43d4f50f5aed8f88760a0c8c872adb9a,2018-01-24,2018-02-06,6,2018-02-14,2018-03-07,6,7.55,8,2018-03-19
e5186ba6340208d599b1a46c7fdfacaf,2018-01-31,2018-02-06,6,2018-02-07,2018-03-02,6,13.06,7,2018-03-13
8f8beb5f810216dc1b9c72e535bcbfc9,2018-04-13,2018-04-20,6,2018-04-23,2018-06-12,6,21.0,2,2018-06-14
8f8beb5f810216dc1b9c72e535bcbfc9,2018-01-18,2018-02-06,6,2018-02-08,2018-03-02,6,14.65,8,2018-03-14
4211751e096d93f3284c4621c06be62d,2018-07-17,2018-07-24,6,2018-07-30,2018-08-24,6,4.2,2,2018-08-28
4211751e096d93f3284c4621c06be62d,2018-04-10,2018-05-04,6,2018-05-10,2018-05-25,6,16.83,8,2018-06-06
fbf498e00dfea9aab623440bdd2a8aa8,2018-05-23,2018-06-19,6,2018-06-27,2018-07-09,6,10.0,1,2018-07-10
e12acf9201ea4818bd62e535bfd40989,2018-07-18,2018-08-06,6,2018-08-07,2018-09-27,5,5.24,1,2018-09-28
e12acf9201ea4818bd62e535bfd40989,2018-05-22,2018-06-26,6,2018-06-27,2018-07-16,6,17.15,2,2018-07-18
6bea3f287f8ea23c2f4871b1fd9282bc,2018-06-26,2018-06-27,6,2018-07-02,2018-07-18,6,23.64,4,2018-07-24
548bdbe7a00edb06e9c315d6c1094d71,2018-01-03,2018-02-07,6,2018-02-08,2018-02-23,6,14.36,10,2018-03-09
395ee885de4548cee535b06d26324ec7,2018-06-07,2018-06-21,6,2018-06-22,2018-07-06,6,17.86,7,2018-07-17
395ee885de4548cee535b06d26324ec7,2018-04-12,2018-04-23,6,2018-04-24,2018-05-07,6,20.62,10,2018-05-21
395ee885de4548cee535b06d26324ec7,2018-01-04,2018-01-29,6,2018-01-30,2018-02-23,6,14.85,10,2018-03-09
2504e90200df0f6d2e7da792a1df0f59,2018-04-03,2018-04-20,4,2018-04-25,2018-05-22,6,29.77,4,2018-05-28
2504e90200df0f6d2e7da792a1df0f59,2018-01-26,2018-02-02,6,2018-02-05,2018-02-22,6,14.76,10,2018-03-08
f89877725443c4c26609a3958d2deef4,2018-01-03,2018-02-06,6,2018-02-12,2018-04-20,6,9.08,9,2018-05-07
45005dbc97bce7e4389de48a7c67f3a8,2018-06-15,2018-06-21,6,2018-06-22,2018-07-23,6,5.48,2,2018-07-25
45005dbc97bce7e4389de48a7c67f3a8,2018-01-24,2018-02-02,6,2018-02-05,2018-02-27,6,22.15,10,2018-03-13
cb9b095b12d9e484f1e729d75f6db90d,2018-01-26,2018-02-07,6,2018-02-12,2018-03-08,6,5.09,10,2018-03-22
a2bed0e95356ad89a85313d901c9065e,2018-06-07,2018-06-19,6,2018-06-20,2018-06-28,6,5.28,3,2018-07-03
a2bed0e95356ad89a85313d901c9065e,2018-01-12,2018-02-06,6,2018-02-07,2018-03-07,6,12.4,9,2018-03-20
042e3b77bdd34d26913e64dd2f375dca,2018-07-30,2018-08-06,6,2018-08-07,2018-08-16,6,12.69,2,2018-08-20
042e3b77bdd34d26913e64dd2f375dca,2018-05-23,2018-06-19,6,2018-06-20,2018-07-25,6,13.75,3,2018-07-30
042e3b77bdd34d26913e64dd2f375dca,2018-01-23,2018-02-06,6,2018-02-07,2018-03-07,6,6.21,3,2018-03-12
d81a5a8af66515744443b73709bff199,2018-04-10,2018-04-17,6,2018-04-18,2018-05-16,6,61.09,5,2018-05-23
6bbc2df6a92553d142e3b50061aedb0a,2018-05-10,2018-06-19,6,2018-06-20,2018-07-17,6,8.31,1,2018-07-18
6bbc2df6a92553d142e3b50061aedb0a,2018-01-30,2018-02-05,6,2018-02-06,2018-02-23,6,28.09,10,2018-03-09
a618487e876de3d4e201a190bef58fc8,2018-06-06,2018-06-19,6,2018-06-20,2018-07-02,6,14.45,3,2018-07-05
a618487e876de3d4e201a190bef58fc8,2018-01-24,2018-02-06,6,2018-02-13,2018-03-07,6,26.84,10,2018-03-21
12663589f38f14564d79ac834bee6dd9,2018-07-24,2018-08-22,6,2018-08-23,2018-09-18,6,8.77,7,2018-09-28
5ee7e0a74bf2838f828e73e4246f5d33,2018-02-01,2018-02-06,6,2018-02-07,2018-02-27,6,6.27,10,2018-03-13
19501e7223d450811ad61e92411ac463,2018-04-09,2018-04-20,6,2018-04-23,2018-05-18,6,10.0,1,2018-05-21
19501e7223d450811ad61e92411ac463,2018-02-01,2018-02-06,6,2018-02-08,2018-03-01,6,123.57,9,2018-03-21
1b5c8a280de8ba846eb6fb8d77159539,2018-06-11,2018-06-14,6,2018-06-19,2018-06-28,6,18.3,10,2018-07-12
359be4f0f8c73efc7502ebd263aa0abe,2018-05-14,2018-06-19,6,2018-06-20,2018-07-05,6,21.99,7,2018-07-16
16d6deb1b3b7841f4176f203282def6c,2018-06-12,2018-06-20,6,2018-06-21,2018-07-02,6,6.18,3,2018-07-05
ff7d5a6e733addcf93dd2b1e7f3065a4,2018-05-22,2018-06-19,6,2018-06-20,2018-06-28,6,14.83,3,2018-07-03
790bfcc34c60a5c9b3f01b30ca0a2e7e,2018-03-20,2018-03-23,6,2018-03-27,2018-04-17,6,14.17,5,2018-04-24
790bfcc34c60a5c9b3f01b30ca0a2e7e,2018-01-03,2018-02-06,6,2018-02-07,2018-02-23,6,36.46,10,2018-03-09
86f2c01645ff3ed2cae7109cb2209369,2018-01-29,2018-02-09,6,2018-02-22,2018-03-09,6,5.74,2,2018-03-13
ea785c05c304e8a13925fac48d7889c6,2018-03-30,2018-04-23,6,2018-04-24,2018-05-04,6,8.27,2,2018-05-08
e3200b0994b6fd1218f31fa4c9b953f3,2018-01-25,2018-02-06,6,2018-02-08,2018-03-07,6,7.68,4,2018-03-13
5feb3cb02a9be3a9465b9f0b5b5d76c2,2018-05-28,2018-06-19,6,2018-06-20,2018-07-10,6,5.83,2,2018-07-12
5feb3cb02a9be3a9465b9f0b5b5d76c2,2018-03-19,2018-03-23,6,2018-04-02,2018-05-22,6,45.75,4,2018-05-28
5feb3cb02a9be3a9465b9f0b5b5d76c2,2018-02-12,2018-02-22,6,2018-02-23,2018-03-07,6,13.06,8,2018-03-19
74541c3c3b144afc916c2291bf86da85,2018-06-12,2018-06-25,6,2018-06-26,2018-07-11,6,36.28,5,2018-07-18
74541c3c3b144afc916c2291bf86da85,2018-04-04,2018-04-20,6,2018-04-23,2018-05-21,6,8.31,1,2018-05-22
74541c3c3b144afc916c2291bf86da85,2018-01-11,2018-02-01,6,2018-02-02,2018-02-13,6,23.25,10,2018-03-06
9f54593119021ee588a1e8b19475df0b,2018-05-29,2018-06-19,6,2018-06-20,2018-07-02,6,6.31,2,2018-07-04
9f54593119021ee588a1e8b19475df0b,2018-03-27,2018-04-17,6,2018-04-18,2018-05-23,6,3.11,1,2018-05-24
9f54593119021ee588a1e8b19475df0b,2018-01-25,2018-02-06,6,2018-02-07,2018-02-23,6,9.63,10,2018-03-09
5a9e2d2c4582bbf9863005014d712e7a,2018-01-10,2018-02-06,6,2018-02-07,2018-03-07,6,9.98,4,2018-03-13
f81c1337a2f9882fcb2edf4196030f2c,2018-04-09,2018-04-12,6,2018-04-17,2018-04-27,6,8.58,5,2018-05-08
f81c1337a2f9882fcb2edf4196030f2c,2018-02-02,2018-02-09,6,2018-02-22,2018-03-05,6,18.26,7,2018-03-14
e9b14d909413687c4b473cd995cbab13,2018-07-12,2018-08-06,6,2018-08-07,2018-08-23,6,13.4,2,2018-08-27
e9b14d909413687c4b473cd995cbab13,2018-06-06,2018-06-25,6,2018-06-26,2018-07-11,6,7.45,1,2018-07-12
e9b14d909413687c4b473cd995cbab13,2018-03-27,2018-04-23,6,2018-04-24,2018-05-08,6,5.65,10,2018-05-22
9bc85f7ade6532932c16761411aea555,2018-04-11,2018-04-23,6,2018-04-24,2018-05-17,6,7.68,6,2018-05-25
9bc85f7ade6532932c16761411aea555,2018-01-09,2018-02-06,6,2018-02-07,2018-03-02,6,17.37,5,2018-03-09
36a7d4e62e6987a7e8d4afda4e9c2b11,2018-01-11,2018-02-06,6,2018-02-07,2018-02-23,6,16.4,10,2018-03-09
829b4985acd7ed46380ad792fd6b0f62,2018-05-28,2018-06-14,6,2018-06-19,2018-06-27,6,9.43,4,2018-07-03
829b4985acd7ed46380ad792fd6b0f62,2018-04-02,2018-05-02,6,2018-05-03,2018-05-18,6,29.16,6,2018-05-28
9f78a60d9b7731457aa16a0bffe14c1b,2018-01-24,2018-02-06,6,2018-02-07,2018-03-08,6,3.86,2,2018-03-12
fa023460f5801b1661c18e9f48da793a,2018-06-06,2018-06-19,6,2018-06-20,2018-07-10,6,4.63,2,2018-07-12
fa023460f5801b1661c18e9f48da793a,2018-04-12,2018-04-17,6,2018-04-18,2018-05-04,6,16.53,3,2018-05-09
fa023460f5801b1661c18e9f48da793a,2018-01-24,2018-02-06,6,2018-02-07,2018-02-28,6,21.91,10,2018-03-14
1c519d956a5ffb5d03c2a60d9e2e73fa,2018-04-04,2018-04-13,6,2018-04-17,2018-05-18,6,4.87,2,2018-05-22
1c519d956a5ffb5d03c2a60d9e2e73fa,2018-01-17,2018-02-06,6,2018-02-08,2018-02-28,6,21.55,8,2018-03-12
ea1a0cacf2cfef378df38746502713fe,2018-07-20,2018-08-06,6,2018-08-07,2018-08-24,6,3.35,3,2018-08-29
ea1a0cacf2cfef378df38746502713fe,2018-06-12,2018-07-06,6,2018-07-09,2018-07-25,6,-2.57,1,2018-07-26
ea1a0cacf2cfef378df38746502713fe,2018-01-25,2018-02-06,6,2018-02-07,2018-02-27,6,26.78,10,2018-03-13
5ccea46bdc969762f1b005c16a458c20,2018-06-15,2018-07-05,6,2018-07-10,2018-07-20,6,2.71,2,2018-07-24
a81b62a8f3baa8fe559be82a6a5df074,2018-06-07,2018-06-21,6,2018-06-22,2018-07-11,6,4.15,2,2018-07-13
54922e3d95483eb9675b22f3261a78dd,2018-07-20,2018-08-06,6,2018-08-07,2018-08-28,6,10.18,2,2018-08-30
6c9d542b4b161b8395b0554c90b9c47d,2018-01-26,2018-08-14,6,2018-08-15,2018-09-17,6,10.26,2,2018-09-19
ac5d74c522ae6170898ed588b462ee63,2018-07-19,2018-07-30,6,2018-07-31,2018-08-08,6,7.65,3,2018-08-13
ac5d74c522ae6170898ed588b462ee63,2018-05-09,2018-05-30,6,2018-05-31,2018-06-11,6,6.27,1,2018-06-12
ac5d74c522ae6170898ed588b462ee63,2018-03-09,2018-03-15,6,2018-03-16,2018-04-04,6,18.36,10,2018-04-20
4bb7b3c0b7fddf1d0be37e1157e89991,2018-08-02,2018-08-20,6,2018-08-21,2018-09-12,6,12.37,9,2018-09-26
5e0dc4ca16b2a25a88404885311b485b,2018-07-26,2018-08-20,6,2018-08-21,2018-08-30,6,22.8,5,2018-09-06
5e0dc4ca16b2a25a88404885311b485b,2018-04-19,2018-05-04,6,2018-05-07,2018-06-05,6,3.36,3,2018-06-08
5e0dc4ca16b2a25a88404885311b485b,2018-01-30,2018-02-06,6,2018-02-07,2018-02-23,6,12.26,10,2018-03-09
9d39bf2b64cfbc56aa2ae8b8fcaf9d55,2018-07-24,2018-08-08,6,2018-08-09,2018-08-23,6,4.88,3,2018-08-28
9d39bf2b64cfbc56aa2ae8b8fcaf9d55,2018-04-16,2018-04-23,6,2018-05-02,2018-05-21,6,4.45,1,2018-05-22
9d39bf2b64cfbc56aa2ae8b8fcaf9d55,2018-01-03,2018-02-06,6,2018-02-12,2018-02-28,6,14.85,8,2018-03-12
761dc39965038e13383457a275431c89,2018-05-22,2018-06-21,6,2018-06-22,2018-07-06,6,10.11,1,2018-07-09
761dc39965038e13383457a275431c89,2018-01-29,2018-02-07,6,2018-02-08,2018-02-28,6,9.29,9,2018-03-13
32e136ed322e9c1abc713e38f46a9cc4,2018-06-05,2018-06-19,6,2018-06-20,2018-07-02,6,10.54,6,2018-07-10
32e136ed322e9c1abc713e38f46a9cc4,2018-04-09,2018-04-20,6,2018-04-23,2018-05-17,6,7.04,7,2018-05-28
32e136ed322e9c1abc713e38f46a9cc4,2018-01-17,2018-02-06,6,2018-02-07,2018-03-02,6,15.96,5,2018-03-09
8ddfe69d6fe1683ed9f1fc6d5a581af3,2018-05-22,2018-05-24,6,2018-05-25,2018-07-13,6,6.0,1,2018-07-16
b9c24dc74946a1481811deffa12af6b8,2018-04-16,2018-04-20,6,2018-04-26,2018-05-14,6,10.24,6,2018-05-22
e2cb56ec9225dae9bea1224a3f543657,2018-05-09,2018-06-11,6,2018-06-19,2018-06-29,6,12.66,10,2018-07-13
e2cb56ec9225dae9bea1224a3f543657,2018-02-01,2018-02-07,6,2018-02-08,2018-02-23,6,22.81,10,2018-03-09
94b190d3f886bea6ef380cd6f568ad3c,2018-01-24,2018-02-09,6,2018-02-12,2018-03-08,6,7.46,2,2018-03-12
745a064b9831501850337f6c667cdd59,2018-05-28,2018-06-19,6,2018-06-20,2018-06-28,6,10.69,10,2018-07-12
745a064b9831501850337f6c667cdd59,2018-01-02,2018-02-06,6,2018-02-08,2018-03-06,6,11.63,4,2018-03-12
b943cc3f5f396f17504a65d5ba33000f,2018-05-28,2018-06-21,6,2018-06-26,2018-07-09,6,19.28,3,2018-07-12
b943cc3f5f396f17504a65d5ba33000f,2018-04-10,2018-04-26,6,2018-04-27,2018-05-10,6,5.84,1,2018-05-11
74fb9ff5f315e7701e385ebc85204083,2018-05-28,2018-06-19,6,2018-06-20,2018-07-20,6,11.33,2,2018-07-24
74fb9ff5f315e7701e385ebc85204083,2018-04-03,2018-04-23,6,2018-04-24,2018-05-07,6,6.3,10,2018-05-21
b64ef4e715755baf801dd99ff115dfc0,2018-05-28,2018-06-21,6,2018-06-22,2018-07-10,6,7.48,2,2018-07-12
b64ef4e715755baf801dd99ff115dfc0,2018-01-29,2018-02-02,6,2018-02-05,2018-02-14,6,17.28,9,2018-03-06
225c712c716d35fa8728eabbff6624ce,2018-04-09,2018-04-20,6,2018-04-23,2018-05-18,6,9.78,2,2018-05-22
225c712c716d35fa8728eabbff6624ce,2018-03-09,2018-03-15,6,2018-03-26,2018-04-04,6,6.87,1,2018-04-09
3dad8a9a0b92c6a8d94d5500bfa49c5f,2018-04-03,2018-04-20,6,2018-04-23,2018-05-18,6,9.78,2,2018-05-22
3dad8a9a0b92c6a8d94d5500bfa49c5f,2018-01-29,2018-02-06,6,2018-02-07,2018-03-01,6,14.69,6,2018-03-09
a16619f854b5b6d98352bf5f02967691,2018-06-07,2018-06-21,6,2018-06-22,2018-07-09,6,9.11,4,2018-07-13
a16619f854b5b6d98352bf5f02967691,2018-03-13,2018-03-23,6,2018-03-26,2018-05-23,6,3.65,1,2018-05-24
a16619f854b5b6d98352bf5f02967691,2018-01-09,2018-02-06,6,2018-02-12,2018-03-06,6,10.02,5,2018-03-13
0e3a680cb68d1c8f58c81f1df06202ae,2018-05-18,2018-06-19,6,2018-06-20,2018-07-11,6,4.62,2,2018-07-13
0e3a680cb68d1c8f58c81f1df06202ae,2018-03-08,2018-03-23,6,2018-03-30,2018-05-08,6,7.4,8,2018-05-18
098782cd0823460b24778de5b1729a2a,2018-01-29,2018-02-09,6,2018-02-26,2018-03-07,6,9.11,3,2018-03-12
557076e04598bd3cace0fa56adaf07f6,2018-05-28,2018-06-19,6,2018-06-20,2018-07-09,6,4.39,1,2018-07-10
f84dd6965f9e0f544dbfe77f02cc2069,2018-01-26,2018-02-06,6,2018-02-07,2018-03-06,6,8.7,4,2018-03-12
45e969b06436e6a37f57077ed451b071,2018-01-08,2018-02-06,6,2018-02-07,2018-03-05,6,6.69,5,2018-03-12
487d7a588f1e31fd9a7ee4bf644e7c88,2018-03-20,2018-03-23,6,2018-03-27,2018-04-16,6,14.39,3,2018-04-19
487d7a588f1e31fd9a7ee4bf644e7c88,2018-01-25,2018-02-06,6,2018-02-07,2018-02-28,6,48.45,8,2018-03-12
cf1568e4c184afe55db10def81fdefb9,2018-05-17,2018-06-21,4,2018-06-27,2018-07-25,6,9.97,1,2018-07-26
96ecd569c53c1026e64081faa29cacdf,2018-01-30,2018-02-06,6,2018-02-07,2018-02-23,6,14.54,10,2018-03-09
87710e15b2cbd3aab9dcfb5441c54bb6,2018-05-22,2018-06-28,4,2018-07-05,2018-07-17,6,16.2,6,2018-07-25
87710e15b2cbd3aab9dcfb5441c54bb6,2018-03-21,2018-03-26,6,2018-03-27,2018-04-20,6,5.47,1,2018-04-23
db1ab3467e0bcb5457fd0a9e1a8027e0,2018-05-29,2018-06-19,6,2018-06-20,2018-07-12,6,18.9,5,2018-07-19
db1ab3467e0bcb5457fd0a9e1a8027e0,2018-01-11,2018-02-06,6,2018-02-08,2018-02-27,6,10.49,9,2018-03-12
82a160512df4baa6079c1075ac62f911,2018-07-19,2018-08-06,6,2018-08-07,2018-08-15,6,10.02,1,2018-08-16
82a160512df4baa6079c1075ac62f911,2018-07-03,2018-07-06,6,2018-07-09,2018-07-18,6,4.32,1,2018-07-19
82a160512df4baa6079c1075ac62f911,2018-01-17,2018-02-06,6,2018-02-07,2018-03-07,6,6.19,5,2018-03-14
39c45e1b5cbc84e07eb092b403848727,2018-04-09,2018-04-13,6,2018-04-16,2018-05-08,6,2.9,2,2018-05-10
bc9184636d6519ae91fad9433a120c5d,2018-01-17,2018-02-06,6,2018-02-07,2018-03-02,6,16.73,5,2018-03-09
ee0934c8b77febec5d0b4bf619381eb2,2018-05-25,2018-06-21,6,2018-06-22,2018-07-02,6,6.76,1,2018-07-03
ee0934c8b77febec5d0b4bf619381eb2,2018-04-03,2018-04-23,6,2018-04-24,2018-05-04,6,11.44,10,2018-05-18
fc5ed32993399bea869c73b529debd84,2018-01-24,2018-02-06,6,2018-02-07,2018-03-02,6,52.87,10,2018-03-16
c767f1648553f0e956697f1ae37cc575,2018-01-29,2018-02-06,6,2018-02-07,2018-02-23,6,14.92,4,2018-03-01
7cc15388fd6bf99a20252b54bcc49bc7,2018-06-12,2018-06-19,6,2018-06-20,2018-06-28,6,12.95,10,2018-07-12
7cc15388fd6bf99a20252b54bcc49bc7,2018-01-24,2018-02-06,6,2018-02-07,2018-03-02,6,13.25,8,2018-03-14
135f777753cfb35a7b425740f5a7bb43,2018-05-24,2018-06-19,6,2018-06-20,2018-06-28,6,12.29,10,2018-07-12
135f777753cfb35a7b425740f5a7bb43,2018-01-03,2018-02-06,6,2018-02-07,2018-02-23,6,10.53,10,2018-03-09
8397248c720aefa885731d119ebd7d98,2018-07-30,2018-08-06,6,2018-08-14,2018-08-28,6,10.32,5,2018-09-04
8397248c720aefa885731d119ebd7d98,2018-06-14,2018-06-25,6,2018-06-26,2018-07-25,6,6.23,3,2018-07-30
8397248c720aefa885731d119ebd7d98,2018-01-24,2018-02-01,6,2018-02-06,2018-02-22,6,17.84,10,2018-03-08
7f7ed1df4ac3814ac7875e00c46de175,2018-07-12,2018-08-06,6,2018-08-13,2018-08-24,6,20.67,10,2018-09-07
7f7ed1df4ac3814ac7875e00c46de175,2018-05-10,2018-06-19,6,2018-06-20,2018-07-02,6,3.61,2,2018-07-04
cc18de2706b9ce84e0f7419bd0ad8bbd,2018-05-31,2018-06-19,6,2018-06-20,2018-06-29,6,12.02,10,2018-07-13
cc18de2706b9ce84e0f7419bd0ad8bbd,2018-01-24,2018-02-02,6,2018-02-05,2018-02-28,6,9.28,9,2018-03-13
d013d42e0d06cdf02750e7c76a6b2a2c,2018-01-24,2018-02-06,6,2018-02-07,2018-02-27,6,6.29,9,2018-03-12
e607b6c932b606ea5733680a7194ea96,2018-01-26,2018-02-06,6,2018-02-07,2018-02-27,6,11.71,10,2018-03-13
57b5faa8eb5970404fc1a8cf6d5cedde,2018-07-23,2018-08-08,6,2018-08-09,2018-08-21,6,17.33,10,2018-09-04
57b5faa8eb5970404fc1a8cf6d5cedde,2018-05-23,2018-06-19,6,2018-06-20,2018-06-28,6,26.56,10,2018-07-12
57b5faa8eb5970404fc1a8cf6d5cedde,2018-01-25,2018-02-06,6,2018-02-07,2018-02-23,6,6.0,10,2018-03-09
4da66fc19d368a1065d84286a448b99b,2018-06-01,2018-06-19,6,2018-06-20,2018-06-28,6,7.64,7,2018-07-09
4da66fc19d368a1065d84286a448b99b,2018-01-24,2018-02-06,6,2018-02-07,2018-02-23,6,6.03,10,2018-03-09
a3cc786d468f0942fb6bb2e4fd4f79ad,2018-06-05,2018-06-21,6,2018-06-22,2018-08-20,6,5.3,1,2018-08-21
52130eec2898ed1fb322e9dbd2f48c0d,2018-07-24,2018-08-06,6,2018-08-07,2018-08-17,6,8.6,2,2018-08-21
52130eec2898ed1fb322e9dbd2f48c0d,2018-06-12,2018-06-19,6,2018-06-20,2018-07-02,6,7.85,1,2018-07-03
52130eec2898ed1fb322e9dbd2f48c0d,2018-05-28,2018-06-01,6,2018-06-04,2018-06-14,6,-5.15,1,2018-06-15
52130eec2898ed1fb322e9dbd2f48c0d,2018-01-03,2018-02-02,6,2018-02-05,2018-02-23,6,19.04,10,2018-03-09
ffd01aec8ed0b6b9a9d5de7476ea5db3,2018-01-22,2018-02-06,6,2018-02-07,2018-02-23,6,19.87,9,2018-03-08
bef184f0f0e0a865cdeb6e232ca2858e,2018-01-24,2018-02-02,6,2018-02-05,2018-02-28,6,19.87,9,2018-03-13
fcec25b9e2bef5542ce078d20c581f4d,2018-05-29,2018-06-21,6,2018-06-22,2018-07-16,6,11.59,6,2018-07-24
86795c3eacdbcbc5e9765567e8d2c0e3,2018-06-06,2018-06-19,6,2018-06-20,2018-07-18,6,19.3,6,2018-07-26
86795c3eacdbcbc5e9765567e8d2c0e3,2018-04-02,2018-05-02,6,2018-05-10,2018-05-24,6,20.9,9,2018-06-06
86795c3eacdbcbc5e9765567e8d2c0e3,2018-01-05,2018-02-13,6,2018-02-14,2018-03-05,6,11.01,5,2018-03-12
839d1f04bad0f3a9c8e10b3ac80b2bd5,2018-06-06,2018-06-19,6,2018-06-20,2018-06-28,6,6.87,10,2018-07-12
839d1f04bad0f3a9c8e10b3ac80b2bd5,2018-04-16,2018-04-20,6,2018-04-23,2018-05-23,6,7.91,2,2018-05-25
839d1f04bad0f3a9c8e10b3ac80b2bd5,2018-01-18,2018-02-06,6,2018-02-07,2018-02-28,6,8.36,8,2018-03-12
91a4c1f80fc00300c28f6bd5d2e158ef,2018-01-29,2018-02-06,6,2018-02-07,2018-02-23,6,17.82,10,2018-03-09
2195bff5b8a9b99cb345bd26f6ef90f1,2018-01-26,2018-02-09,6,2018-02-12,2018-03-08,6,16.67,8,2018-03-20
095f8d971817c8c0cb59e215e9776246,2018-07-25,2018-08-06,6,2018-08-07,2018-08-31,6,7.48,4,2018-09-06
095f8d971817c8c0cb59e215e9776246,2018-06-07,2018-06-20,6,2018-06-21,2018-07-24,6,3.47,1,2018-07-25
095f8d971817c8c0cb59e215e9776246,2018-02-08,2018-02-14,6,2018-03-01,2018-03-21,6,4.99,7,2018-03-30
93b2ee09e9063e8fb3de94da8b9eb285,2018-01-24,2018-02-06,4,2018-02-12,2018-02-27,6,18.78,9,2018-03-12
8a0970ee485c6e9988c9e6519d589f18,2018-03-19,2018-03-23,6,2018-04-02,2018-05-08,6,10.0,1,2018-05-09
8a0970ee485c6e9988c9e6519d589f18,2018-01-24,2018-02-06,6,2018-02-08,2018-02-28,6,15.16,8,2018-03-12
5bb0f247595d728c1eb1024e84b126d9,2018-05-21,2018-06-19,6,2018-06-20,2018-06-28,6,15.29,3,2018-07-03
e3e544c3437f080415c2495d80d1fa26,2018-08-09,2018-09-07,6,2018-09-10,2018-09-26,5,5.33,2,2018-09-28
e3e544c3437f080415c2495d80d1fa26,2018-03-12,2018-03-23,6,2018-03-26,2018-04-18,6,4.82,1,2018-04-19
5c26209891971b3dfcffd886607751e6,2018-07-20,2018-08-06,6,2018-08-07,2018-09-25,5,12.38,3,2018-09-28
5c26209891971b3dfcffd886607751e6,2018-06-14,2018-06-21,6,2018-06-22,2018-07-02,6,24.1,6,2018-07-10
5c26209891971b3dfcffd886607751e6,2018-04-03,2018-04-20,6,2018-04-25,2018-05-11,6,60.9,9,2018-05-24
5c26209891971b3dfcffd886607751e6,2018-01-24,2018-02-02,6,2018-02-05,2018-02-23,6,9.99,10,2018-03-09
d693bcd59f0aa7de6f13b7854bf9a720,2018-06-29,2018-07-02,6,2018-07-03,2018-07-12,6,3.76,1,2018-07-13
d693bcd59f0aa7de6f13b7854bf9a720,2018-06-06,2018-06-21,6,2018-07-02,2018-07-12,6,3.76,1,2018-07-13
d511868dba14ef59572adac9bc8eb32c,2018-06-11,2018-06-19,6,2018-06-20,2018-06-28,6,15.72,8,2018-07-10
d511868dba14ef59572adac9bc8eb32c,2018-01-04,2018-02-07,6,2018-02-08,2018-02-28,6,26.01,7,2018-03-09
b1851cfef30d2fdf826d5130c132ccd5,2018-05-28,2018-06-19,6,2018-06-20,2018-06-28,6,3.86,3,2018-07-03
a5642e9c44429c6fb8f41bc76643b005,2018-06-11,2018-06-19,6,2018-06-20,2018-06-28,6,4.4,3,2018-07-03
3346e1d2c5a280b3019833263309e17b,2018-08-09,2018-09-06,6,2018-09-07,2018-09-20,6,3.42,1,2018-09-21
3346e1d2c5a280b3019833263309e17b,2018-06-07,2018-06-21,6,2018-06-22,2018-07-09,6,10.03,2,2018-07-11
f850ff290ad1ee9c12fe15030c05cf9f,2018-05-22,2018-06-19,6,2018-06-20,2018-06-28,6,19.62,10,2018-07-12
f850ff290ad1ee9c12fe15030c05cf9f,2018-01-09,2018-02-01,6,2018-02-02,2018-02-23,6,21.0,6,2018-03-05
bfd39a5f70e97a3db2fe1443cae6806e,2018-07-24,2018-08-03,6,2018-08-06,2018-08-21,6,8.52,4,2018-08-27
bfd39a5f70e97a3db2fe1443cae6806e,2018-05-25,2018-05-30,6,2018-05-31,2018-06-15,6,18.04,9,2018-06-29
bfd39a5f70e97a3db2fe1443cae6806e,2018-04-09,2018-04-13,6,2018-04-17,2018-05-24,6,4.59,1,2018-05-25
38e4a5e579fbc3c1d9cdb0070206c780,2018-07-13,2018-08-06,6,2018-08-07,2018-08-30,6,10.0,1,2018-08-31
38e4a5e579fbc3c1d9cdb0070206c780,2018-04-09,2018-04-20,6,2018-04-23,2018-05-04,6,14.43,10,2018-05-18
38e4a5e579fbc3c1d9cdb0070206c780,2018-01-19,2018-02-06,6,2018-02-07,2018-03-06,6,9.66,3,2018-03-09
db888b72cb12833523a6ba1aadd0cd55,2018-06-06,2018-06-19,6,2018-06-20,2018-06-28,6,8.95,3,2018-07-03
db888b72cb12833523a6ba1aadd0cd55,2018-04-18,2018-05-02,6,2018-05-10,2018-05-18,6,21.0,2,2018-05-22
86b2da0a712436b7f958e8f24f2cdc3c,2018-06-04,2018-06-19,6,2018-06-20,2018-07-20,6,3.7,1,2018-07-23
86b2da0a712436b7f958e8f24f2cdc3c,2018-01-25,2018-02-06,6,2018-02-07,2018-03-01,6,11.58,8,2018-03-13
d8319b833d7957abab2b01b46e881536,2018-06-06,2018-06-19,6,2018-06-20,2018-07-02,6,14.11,6,2018-07-10
2fa676b5485981ca55bb05032808a23e,2018-07-27,2018-08-16,6,2018-08-17,2018-09-04,6,10.74,3,2018-09-07
76264859cc61834ccdea073065e4fe72,2018-04-12,2018-04-17,6,2018-04-18,2018-05-08,6,6.12,10,2018-05-22
76264859cc61834ccdea073065e4fe72,2018-01-25,2018-02-06,6,2018-02-07,2018-02-28,6,22.9,9,2018-03-13
1f73454bef7ee55c380c4ca006415033,2018-03-12,2018-03-23,6,2018-03-26,2018-05-14,6,6.05,6,2018-05-22
024ac75fb3550be58b4904b58694f3ee,2018-01-22,2018-02-06,6,2018-02-07,2018-03-07,6,8.72,4,2018-03-13
8be21f3225e9d1d3c5bba9909b9e1393,2018-05-25,2018-06-19,6,2018-06-20,2018-07-02,6,3.88,1,2018-07-03
3dd4525b7bf572e3f06b05f5c558520c,2018-06-13,2018-06-25,6,2018-06-26,2018-07-06,6,22.44,8,2018-07-18
3dd4525b7bf572e3f06b05f5c558520c,2018-01-09,2018-02-01,6,2018-02-02,2018-02-23,6,25.17,10,2018-03-09
32fadd96beb722d2d38b62f801f9cf46,2018-07-13,2018-07-31,6,2018-08-01,2018-08-20,6,9.78,7,2018-08-29
32fadd96beb722d2d38b62f801f9cf46,2018-01-24,2018-02-06,6,2018-02-07,2018-02-23,6,19.81,9,2018-03-08
bf9836033991844c4f48dca4e034bad4,2018-05-15,2018-06-19,6,2018-06-20,2018-07-17,6,8.28,6,2018-07-25
bf9836033991844c4f48dca4e034bad4,2018-01-03,2018-02-02,6,2018-02-05,2018-02-22,6,11.83,6,2018-03-02
89f8067470945f6893e4326c126b355b,2018-06-06,2018-06-19,6,2018-06-20,2018-07-23,6,15.27,7,2018-08-01
89f8067470945f6893e4326c126b355b,2018-01-12,2018-02-06,6,2018-02-08,2018-03-05,6,14.9,4,2018-03-09
ccfc4c539d1ee7aa30d25e10a911d073,2018-05-22,2018-05-30,6,2018-05-31,2018-06-14,6,-3.89,1,2018-06-15
ccfc4c539d1ee7aa30d25e10a911d073,2018-01-24,2018-02-06,6,2018-02-07,2018-02-23,6,9.81,10,2018-03-09
6e43658b29b700fbc794df25430da8cd,2018-06-06,2018-06-19,6,2018-06-20,2018-06-28,6,3.36,1,2018-06-29
58d8d3176511a2a30bdb0b212c95d75f,2018-07-16,2018-08-03,6,2018-08-06,2018-08-24,6,4.19,1,2018-08-27
58d8d3176511a2a30bdb0b212c95d75f,2018-05-22,2018-06-19,6,2018-06-20,2018-06-28,6,23.66,10,2018-07-12
d38cf3aac6603cc2019b6ff4cdd4e049,2018-07-24,2018-08-06,6,2018-08-13,2018-08-24,6,14.21,2,2018-08-28
d38cf3aac6603cc2019b6ff4cdd4e049,2018-04-16,2018-04-23,6,2018-04-24,2018-05-11,6,17.16,7,2018-05-22
6f55013e5ddb3b601699bcce4d4535b2,2018-05-28,2018-06-19,6,2018-06-20,2018-06-28,6,7.24,3,2018-07-03
d86724110e8f14b94cff55cb136490ea,2018-06-08,2018-06-19,6,2018-06-20,2018-06-29,6,67.2,10,2018-07-13
d86724110e8f14b94cff55cb136490ea,2018-04-03,2018-04-17,6,2018-04-18,2018-05-07,6,12.14,9,2018-05-18
d86724110e8f14b94cff55cb136490ea,2018-01-30,2018-02-06,6,2018-02-07,2018-02-23,6,50.93,10,2018-03-09
28e222a315c6288ea4954b8a0a4e46e2,2018-07-26,2018-08-20,6,2018-08-21,2018-09-20,6,19.88,5,2018-09-28
28e222a315c6288ea4954b8a0a4e46e2,2018-05-25,2018-07-06,6,2018-07-09,2018-07-19,6,15.98,5,2018-07-26
28e222a315c6288ea4954b8a0a4e46e2,2018-01-29,2018-02-02,6,2018-02-06,2018-03-07,6,6.47,3,2018-03-12
b460065389eabbc0e518c228a88e0934,2018-06-07,2018-06-21,6,2018-06-22,2018-07-02,6,4.0,1,2018-07-03
b460065389eabbc0e518c228a88e0934,2018-01-08,2018-02-07,6,2018-02-08,2018-02-27,6,5.89,9,2018-03-12
641dbbb7957eb5a572e662a99d117520,2018-05-07,2018-06-19,6,2018-06-20,2018-06-28,6,4.92,3,2018-07-03
1e6f80d70ab3c12eccef9d3671e919ad,2018-05-31,2018-06-13,6,2018-06-19,2018-06-28,6,15.22,7,2018-07-09
671a63322c134a62e7c3b42187eec578,2018-06-06,2018-06-19,6,2018-06-20,2018-07-09,6,35.56,4,2018-07-13
671a63322c134a62e7c3b42187eec578,2018-01-30,2018-02-06,6,2018-02-07,2018-02-23,6,13.02,10,2018-03-09
a9c1a8354b8d00e353bc0c70d65fec0e,2018-07-17,2018-07-31,6,2018-08-07,2018-08-23,6,9.35,2,2018-08-27
5602a7d545055fbea3388d0779556068,2018-01-26,2018-02-06,4,2018-02-22,2018-03-08,6,7.36,3,2018-03-13
9e87e442cf80ccc863951c379d9ffb1e,2018-05-24,2018-06-19,6,2018-06-20,2018-06-28,6,7.32,8,2018-07-10
18a1978fe3e3b69b03f8e607e976730c,2018-01-05,2018-02-05,6,2018-02-12,2018-03-02,6,7.37,7,2018-03-13
c408d72b75f9b35b760b8c5d37d44a36,2018-07-16,2018-08-17,6,2018-08-20,2018-08-28,6,9.99,1,2018-08-29
c408d72b75f9b35b760b8c5d37d44a36,2018-05-24,2018-06-19,6,2018-06-20,2018-06-28,6,11.45,3,2018-07-03
c408d72b75f9b35b760b8c5d37d44a36,2018-01-11,2018-02-06,6,2018-02-07,2018-02-23,6,27.82,10,2018-03-09
176bdafb7dcff18a08133fbf28d21f63,2018-01-10,2018-02-06,6,2018-02-07,2018-02-23,6,19.49,10,2018-03-09
06ac587061935230b9b17d73947fcd6c,2018-06-13,2018-06-19,6,2018-06-20,2018-06-28,6,7.02,1,2018-06-29
06ac587061935230b9b17d73947fcd6c,2018-04-04,2018-04-23,6,2018-04-26,2018-05-17,6,7.2,5,2018-05-24
06ac587061935230b9b17d73947fcd6c,2018-01-19,2018-02-06,6,2018-02-07,2018-02-28,6,27.08,8,2018-03-12
ef3bc8515710c0bd25d9d6e29fbea267,2018-06-05,2018-06-21,6,2018-06-22,2018-07-25,6,10.0,1,2018-07-26
ef3bc8515710c0bd25d9d6e29fbea267,2018-01-17,2018-02-06,6,2018-02-07,2018-02-23,6,8.71,10,2018-03-09
5147975a201c08426e98709491bf2f23,2018-06-07,2018-07-02,6,2018-07-03,2018-07-23,6,6.05,5,2018-07-30
5147975a201c08426e98709491bf2f23,2018-01-10,2018-02-06,6,2018-02-07,2018-02-23,6,8.58,10,2018-03-09
509b1190ac73554f195bb7539c5663a9,2018-04-04,2018-04-23,6,2018-05-03,2018-05-17,6,6.89,3,2018-05-22
509b1190ac73554f195bb7539c5663a9,2018-01-17,2018-02-06,6,2018-02-08,2018-03-02,6,9.14,6,2018-03-12
64adc947d89931ade9467d90f2cde04f,2018-06-06,2018-06-19,6,2018-06-20,2018-07-02,6,10.0,1,2018-07-03
64adc947d89931ade9467d90f2cde04f,2018-01-24,2018-02-06,6,2018-02-07,2018-03-07,6,5.64,3,2018-03-12
d9ff32a0c3d271dd0705014afbbd7f88,2018-05-24,2018-06-20,6,2018-06-26,2018-07-12,6,6.23,8,2018-07-24
d9ff32a0c3d271dd0705014afbbd7f88,2018-01-25,2018-02-06,6,2018-02-07,2018-03-02,6,14.18,5,2018-03-09
e8a5ae06d3ac84223b8a54bca13b219c,2018-06-01,2018-06-19,6,2018-06-20,2018-07-25,6,11.61,2,2018-07-27
e8a5ae06d3ac84223b8a54bca13b219c,2018-04-02,2018-04-20,6,2018-04-23,2018-05-04,6,5.6,1,2018-05-07
e8a5ae06d3ac84223b8a54bca13b219c,2018-01-08,2018-02-01,6,2018-02-02,2018-03-02,6,13.39,3,2018-03-07
bfa71d7beb374e32a2007782bbec286d,2018-06-13,2018-06-19,6,2018-06-20,2018-06-28,6,3.76,3,2018-07-03
bfa71d7beb374e32a2007782bbec286d,2018-05-22,2018-05-30,6,2018-05-31,2018-06-11,6,4.76,2,2018-06-13
bfa71d7beb374e32a2007782bbec286d,2018-01-17,2018-02-06,6,2018-02-07,2018-03-02,6,12.36,6,2018-03-12
64df5ac07520f03e3d7b328b0a3da0da,2018-05-11,2018-06-19,6,2018-06-20,2018-07-02,6,6.46,5,2018-07-09
64df5ac07520f03e3d7b328b0a3da0da,2018-01-22,2018-02-07,6,2018-02-08,2018-03-02,6,21.76,7,2018-03-13
1800c0a0ea853a4819b106f532731266,2018-01-24,2018-02-06,6,2018-02-07,2018-02-23,6,20.51,9,2018-03-08
e927edfae7b8899fd4bf1ef13e6a9cd7,2018-01-11,2018-02-06,6,2018-02-07,2018-02-23,6,17.88,10,2018-03-09
635e900201d6f01045c256c4dc890c7b,2018-06-06,2018-06-19,6,2018-06-20,2018-06-28,6,6.93,3,2018-07-03
a1bd4e39795d271ed9834f8e5537bd6b,2018-06-06,2018-06-19,6,2018-06-20,2018-06-28,6,9.6,8,2018-07-10
a1bd4e39795d271ed9834f8e5537bd6b,2018-04-13,2018-04-20,6,2018-04-23,2018-05-21,6,11.04,4,2018-05-25
a1bd4e39795d271ed9834f8e5537bd6b,2018-01-23,2018-02-06,6,2018-02-08,2018-03-08,6,10.85,3,2018-03-13
4f76cc06f05ea4dfcc51b2e6bac2f3e2,2018-01-24,2018-02-06,6,2018-02-07,2018-02-23,6,8.43,10,2018-03-09
91e4e684d019e2b77db65e89563e8a17,2018-05-21,2018-06-13,6,2018-06-19,2018-06-28,6,30.09,4,2018-07-04
cc385beccd0645298cbb2c5a622c46b3,2018-05-29,2018-06-21,6,2018-06-22,2018-07-23,6,3.53,3,2018-07-26
025b004f160fda9e6842bed1fa2fdf09,2018-01-16,2018-02-02,6,2018-02-05,2018-02-23,6,23.38,10,2018-03-09
02e8d44351da113ae37c66ccb7741fcd,2018-05-22,2018-06-19,6,2018-06-20,2018-07-25,6,5.16,4,2018-07-31
02e8d44351da113ae37c66ccb7741fcd,2018-01-12,2018-02-06,6,2018-02-07,2018-02-28,6,7.42,8,2018-03-12
2452d91916616de8a913b6bbba90ac89,2018-01-18,2018-02-06,6,2018-02-07,2018-03-05,6,12.01,6,2018-03-13
bfc97f0baef2c862bddf0cc9869e9443,2018-07-24,2018-08-06,6,2018-08-07,2018-08-17,6,19.66,2,2018-08-21
bfc97f0baef2c862bddf0cc9869e9443,2018-06-06,2018-06-19,6,2018-06-20,2018-07-02,6,10.8,10,2018-07-16
bfc97f0baef2c862bddf0cc9869e9443,2018-04-11,2018-04-23,6,2018-04-24,2018-05-09,6,7.38,3,2018-05-14
ade180187e5340718f1f22df704e4217,2018-05-22,2018-06-19,6,2018-06-20,2018-06-28,6,16.04,3,2018-07-03
92c3de1460dc8457158c13a0bfcaa9d5,2018-01-26,2018-02-06,6,2018-02-12,2018-02-28,6,10.64,9,2018-03-13
e4db5a99a3e3dc037393971b7c4a2ba8,2018-01-17,2018-02-06,6,2018-02-07,2018-02-23,6,13.48,10,2018-03-09
686bf29477c2aa486fe87aa339ddade8,2018-01-29,2018-02-06,6,2018-02-07,2018-03-06,6,13.05,6,2018-03-14
fda89e4f97acef35ab06a4aeb166c1bf,2018-01-25,2018-02-06,6,2018-02-07,2018-02-23,6,14.32,10,2018-03-09
ae7250818f3c094ce8207c7722f9b66c,2018-01-24,2018-02-14,6,2018-02-22,2018-03-07,6,6.15,3,2018-03-12
412d698aad828d836349bc33e612023b,2018-05-29,2018-06-19,6,2018-06-20,2018-06-28,6,5.65,1,2018-06-29
412d698aad828d836349bc33e612023b,2018-01-23,2018-02-06,6,2018-02-07,2018-03-07,6,11.22,10,2018-03-21
c3ab7cf4c3c6671f0d78f67b8ccf9380,2018-06-07,2018-06-28,6,2018-06-29,2018-07-24,6,7.03,3,2018-07-27
c3ab7cf4c3c6671f0d78f67b8ccf9380,2018-01-25,2018-02-06,6,2018-02-07,2018-03-08,6,3.9,2,2018-03-12
3476814b0d5e1ce011a817f62da68e35,2018-06-14,2018-06-25,6,2018-06-26,2018-08-17,6,38.04,4,2018-08-23
b6ff7eef19d2264181c1f20047470610,2018-05-22,2018-06-19,6,2018-06-20,2018-07-25,6,8.33,4,2018-07-31
403c5b52b5b90bd3ab0f68b8713df38c,2018-06-05,2018-06-19,6,2018-06-20,2018-07-20,6,21.12,2,2018-07-24
403c5b52b5b90bd3ab0f68b8713df38c,2018-01-26,2018-02-06,6,2018-02-07,2018-02-23,6,12.84,10,2018-03-09
c672c27dfd4ef032725ec34dd439e4b3,2018-06-20,2018-06-28,4,2018-07-04,2018-07-17,6,13.0,2,2018-07-19
c27cadf7eb5b5cc5f4bd3bf512925473,2018-05-25,2018-06-21,6,2018-07-02,2018-07-18,6,5.54,3,2018-07-23
c27cadf7eb5b5cc5f4bd3bf512925473,2018-01-24,2018-02-02,6,2018-02-08,2018-02-23,6,17.6,4,2018-03-01
6aa5079c326ef238b5edcfbe8772f6c4,2018-04-27,2018-06-19,6,2018-06-20,2018-07-12,6,12.78,2,2018-07-16
1fba51d265da1efbf9379fca018536b4,2018-05-15,2018-05-30,6,2018-05-31,2018-06-14,6,19.34,10,2018-06-29
ea6324ccbe2f23756e52da9f69b86c66,2018-06-11,2018-06-12,6,2018-06-13,2018-06-22,6,11.93,5,2018-06-29
ea6324ccbe2f23756e52da9f69b86c66,2018-04-04,2018-04-17,6,2018-04-18,2018-04-27,6,14.11,2,2018-05-03
e84071454a6f085d871c461ca00b52f1,2018-01-24,2018-02-06,6,2018-02-07,2018-02-23,6,8.01,10,2018-03-09
626555df2770a14167d23225af2c218c,2018-05-25,2018-06-19,6,2018-06-20,2018-07-02,6,3.56,1,2018-07-03
b3f16edde1c70c7b597cf8d618118db4,2018-05-22,2018-06-19,6,2018-06-20,2018-07-12,6,9.77,10,2018-07-26
b3f16edde1c70c7b597cf8d618118db4,2018-01-24,2018-02-06,6,2018-02-12,2018-03-07,6,6.28,3,2018-03-12
d94ed94646d66eab53f261466bc11fda,2018-05-11,2018-06-21,6,2018-06-22,2018-07-16,6,18.89,6,2018-07-24
638825ccd0eb49f3cd774f22bccf7e5a,2018-01-26,2018-02-07,6,2018-02-08,2018-03-07,6,12.16,9,2018-03-20
fb965d7acb8112e0818f3088bdf852d4,2018-01-18,2018-02-06,6,2018-02-08,2018-02-28,6,17.61,9,2018-03-13
ecbb6f5c4fa137b443d8267fa00847b5,2018-06-06,2018-06-19,6,2018-06-22,2018-07-02,6,9.97,1,2018-07-03
ecbb6f5c4fa137b443d8267fa00847b5,2018-04-26,2018-05-02,6,2018-05-03,2018-05-18,6,11.97,10,2018-06-01
e055795dbd3acd9d57cd64a78129cbde,2018-05-23,2018-06-19,6,2018-06-20,2018-07-25,6,2.82,1,2018-07-26
e055795dbd3acd9d57cd64a78129cbde,2018-01-22,2018-02-06,6,2018-02-07,2018-03-08,6,8.7,9,2018-03-21
5386ddc2af64e8193b0f166c7e6ea6d8,2018-03-20,2018-03-23,6,2018-03-26,2018-04-09,6,4.75,3,2018-04-12
06451bccc57baa1fa9704e5e755b5da0,2018-06-06,2018-06-21,6,2018-06-27,2018-07-30,6,23.77,7,2018-08-08
06451bccc57baa1fa9704e5e755b5da0,2018-01-29,2018-02-09,6,2018-02-12,2018-03-08,6,2.76,2,2018-03-12
391615d00ad0cdbc6d6270bcb7ab603f,2018-04-11,2018-04-17,6,2018-04-18,2018-05-04,6,16.78,10,2018-05-18
391615d00ad0cdbc6d6270bcb7ab603f,2018-03-12,2018-03-23,6,2018-03-27,2018-04-10,6,10.0,1,2018-04-11
391615d00ad0cdbc6d6270bcb7ab603f,2018-01-25,2018-02-06,6,2018-02-22,2018-03-06,6,38.96,4,2018-03-12
25a7732b4f1d626d99b9ff63912aa5ac,2018-07-16,2018-08-06,6,2018-08-07,2018-08-17,6,8.82,2,2018-08-21
25a7732b4f1d626d99b9ff63912aa5ac,2018-06-14,2018-06-21,6,2018-06-22,2018-07-02,6,5.8,1,2018-07-03
25a7732b4f1d626d99b9ff63912aa5ac,2018-01-24,2018-02-06,6,2018-02-07,2018-02-23,6,17.08,10,2018-03-09
a16a4b1e4136b47a1caf5ce780754025,2018-05-25,2018-06-19,6,2018-06-20,2018-07-10,6,6.43,3,2018-07-13
a16a4b1e4136b47a1caf5ce780754025,2018-01-29,2018-02-01,6,2018-02-02,2018-02-23,6,20.1,10,2018-03-09
76de47c7cd5352be1504c0a1a86d4a95,2018-07-25,2018-08-06,6,2018-08-07,2018-08-17,6,17.45,2,2018-08-21
76de47c7cd5352be1504c0a1a86d4a95,2018-01-24,2018-02-06,6,2018-02-07,2018-02-23,6,16.66,10,2018-03-09
f4a8e2a7a9387193293b83a77f3b16ff,2018-05-22,2018-06-19,6,2018-06-20,2018-07-02,6,17.72,2,2018-07-04
f4a8e2a7a9387193293b83a77f3b16ff,2018-01-26,2018-02-06,6,2018-02-07,2018-02-28,6,6.17,8,2018-03-12
6995474be228ccd87fc5f6b74f4fdec2,2018-03-12,2018-06-28,6,2018-06-29,2018-07-13,6,4.94,1,2018-07-16
6995474be228ccd87fc5f6b74f4fdec2,2018-01-11,2018-02-06,6,2018-02-07,2018-02-23,6,8.73,10,2018-03-09
025e084b80cdc08573a57420737a24d6,2018-05-22,2018-06-19,6,2018-06-20,2018-07-20,6,5.13,8,2018-08-01
025e084b80cdc08573a57420737a24d6,2018-01-24,2018-02-06,6,2018-02-07,2018-02-28,6,8.43,9,2018-03-13
75a93813ef0355ac9e8a2df82dd9d73d,2018-04-12,2018-04-17,6,2018-04-18,2018-05-16,6,7.68,9,2018-05-29
75a93813ef0355ac9e8a2df82dd9d73d,2018-01-18,2018-02-06,6,2018-02-07,2018-02-28,6,8.94,8,2018-03-12
6e9e7cb0ec40cc4d0b1b14fb25928822,2018-06-06,2018-06-19,6,2018-06-20,2018-07-02,6,17.06,10,2018-07-16
6e9e7cb0ec40cc4d0b1b14fb25928822,2018-01-19,2018-02-06,6,2018-02-07,2018-03-02,6,10.58,6,2018-03-12
716f638ea04d9ad9ff4ec81b6ba11c8c,2018-05-22,2018-06-19,6,2018-06-20,2018-07-11,6,11.35,4,2018-07-17
bac6699d57d6f2bf579af72ef9ff1040,2018-01-25,2018-02-06,6,2018-02-07,2018-02-23,6,12.74,10,2018-03-09
82e82a2049e1d17c849a6a52f893aa77,2018-08-13,2018-09-04,6,2018-09-05,2018-09-21,6,3.09,1,2018-09-25
82e82a2049e1d17c849a6a52f893aa77,2018-06-25,2018-07-06,6,2018-07-17,2018-07-25,6,7.34,4,2018-07-31
4d8910ef81d150a55a662e658f299be3,2018-07-03,2018-07-11,4,2018-07-17,2018-07-31,6,19.6,9,2018-08-13
4d8910ef81d150a55a662e658f299be3,2018-05-24,2018-06-19,6,2018-06-20,2018-06-28,6,7.61,3,2018-07-03
e2fe0eb89dec7740d8e05309eb418a3c,2018-05-22,2018-06-21,6,2018-06-22,2018-07-02,6,4.99,6,2018-07-10
8325584740345aa849f415a05d2411eb,2018-01-23,2018-02-06,6,2018-02-07,2018-03-08,6,4.01,3,2018-03-13
b2f79461aa90edc74261d4106552d287,2018-06-07,2018-06-19,6,2018-06-20,2018-06-28,6,11.02,8,2018-07-10
b2f79461aa90edc74261d4106552d287,2018-01-23,2018-02-06,6,2018-02-07,2018-03-05,6,10.02,5,2018-03-12
af79a5ace01ec25f87b87e285faee497,2018-05-21,2018-05-30,6,2018-05-31,2018-06-27,6,10.86,9,2018-07-10
930315efb9b105183fc4edcfd032d4fa,2018-05-29,2018-06-21,6,2018-06-22,2018-09-14,6,9.79,5,2018-09-21
930315efb9b105183fc4edcfd032d4fa,2018-01-09,2018-02-06,6,2018-02-07,2018-03-08,6,4.13,8,2018-03-20
3ab212b2d17c7d167cefb2e5a0215d51,2018-06-06,2018-06-21,6,2018-06-22,2018-07-02,6,5.01,1,2018-07-03
5fd33bc7cd15f829e1bac5e0fb2d6e90,2018-06-12,2018-06-19,6,2018-06-20,2018-06-28,6,10.89,10,2018-07-12
5fd33bc7cd15f829e1bac5e0fb2d6e90,2018-01-11,2018-02-01,6,2018-02-02,2018-02-23,6,22.45,10,2018-03-09
80e62f853fcd745fba33079639d788ae,2018-06-07,2018-06-21,6,2018-06-22,2018-07-13,6,8.82,7,2018-07-24
80e62f853fcd745fba33079639d788ae,2018-01-05,2018-02-06,6,2018-02-07,2018-03-09,6,2.74,1,2018-03-12
c3b5aca7890bff7b2bb72e6e18913960,2018-01-05,2018-02-07,6,2018-02-12,2018-03-07,6,11.4,3,2018-03-12
eda9a6223f33042b62b544dcbe362383,2018-03-13,2018-03-16,6,2018-03-21,2018-03-30,6,2.9,9,2018-04-16
eda9a6223f33042b62b544dcbe362383,2018-01-09,2018-02-01,6,2018-02-08,2018-02-23,6,25.5,10,2018-03-09
d33035d31870a48d3aeba7dd86b1beea,2018-01-29,2018-02-06,6,2018-02-07,2018-02-23,6,15.74,10,2018-03-09
ff0d49a58e6687aee23a4b51ae8a1ffa,2018-07-26,2018-08-06,6,2018-08-07,2018-08-17,6,13.52,6,2018-08-27
ff0d49a58e6687aee23a4b51ae8a1ffa,2018-01-04,2018-02-06,6,2018-02-07,2018-02-23,6,8.49,10,2018-03-09
97b9ad63205a6e1a3b905c71d5f2bf1b,2018-05-22,2018-06-21,6,2018-06-22,2018-08-08,6,7.97,3,2018-08-13
97b9ad63205a6e1a3b905c71d5f2bf1b,2018-01-04,2018-02-02,6,2018-02-05,2018-02-23,6,7.14,10,2018-03-12
ff202e99335e5bedfbe19ce196d9f84d,2018-06-06,2018-06-19,6,2018-06-20,2018-07-19,6,5.2,5,2018-07-26
ff202e99335e5bedfbe19ce196d9f84d,2018-01-31,2018-02-06,6,2018-02-07,2018-03-07,6,11.29,9,2018-03-20
28b6f126b8941821d3b8ba97ee654081,2018-03-13,2018-03-23,6,2018-04-02,2018-05-23,6,13.32,2,2018-05-25
28b6f126b8941821d3b8ba97ee654081,2018-01-04,2018-02-06,6,2018-02-12,2018-03-08,6,25.12,3,2018-03-13
f96db672b16e35323e9b70894e5e23e3,2018-05-08,2018-05-14,6,2018-05-15,2018-05-24,6,42.25,4,2018-05-30
f96db672b16e35323e9b70894e5e23e3,2018-01-30,2018-02-02,6,2018-02-05,2018-02-23,6,18.15,10,2018-03-09
bfd13ffe56d25b2330338030300fc3b3,2018-05-22,2018-06-19,6,2018-06-20,2018-06-28,6,10.51,3,2018-07-03
1ab1b5d93fb8228453372b2bb9340048,2018-01-26,2018-02-07,6,2018-02-08,2018-04-23,6,14.71,9,2018-05-08
3186d20ac3341957da2ff28383f360cc,2018-06-08,2018-06-21,6,2018-06-22,2018-07-02,6,17.04,10,2018-07-16
3186d20ac3341957da2ff28383f360cc,2018-01-09,2018-02-01,6,2018-02-02,2018-02-23,6,13.82,10,2018-03-09
ccd31dc545b2f29e442787034bea1e0d,2018-08-03,2018-08-24,6,2018-08-28,2018-09-06,6,5.11,1,2018-09-07
ccd31dc545b2f29e442787034bea1e0d,2018-01-26,2018-04-19,6,2018-04-20,2018-05-08,6,4.33,2,2018-05-10
787bf8f570e2cc4f2ce8c313d0fd074f,2018-01-11,2018-02-06,6,2018-02-12,2018-03-07,6,3.92,3,2018-03-12
f3fa683a9e675623ed2d13231950c90a,2018-03-12,2018-03-23,6,2018-03-26,2018-04-12,6,5.84,1,2018-04-13
979fa0ac99937dd91e3f6bbef1787c84,2018-01-24,2018-02-06,6,2018-02-12,2018-02-28,6,17.58,7,2018-03-09
f98f8039933284168a757be57bf57a69,2018-05-21,2018-07-05,6,2018-07-06,2018-07-24,6,2.83,2,2018-07-26
f98f8039933284168a757be57bf57a69,2018-01-11,2018-02-06,6,2018-02-07,2018-02-23,6,13.16,4,2018-03-01
ac5e70d362f706182170ba4904cbea9b,2018-07-26,2018-08-03,6,2018-08-06,2018-09-05,6,9.98,1,2018-09-06
ac5e70d362f706182170ba4904cbea9b,2018-01-24,2018-02-06,6,2018-02-07,2018-02-23,6,12.61,10,2018-03-09
ae3f4bf196c36d32059da78b7f2a0a38,2018-06-05,2018-06-19,6,2018-06-20,2018-07-19,6,3.44,3,2018-07-24
ae3f4bf196c36d32059da78b7f2a0a38,2018-01-24,2018-02-06,6,2018-02-08,2018-03-05,6,9.98,1,2018-03-06
072ceefaa466ed2db6816f20fa73bdb2,2018-04-03,2018-04-20,6,2018-04-25,2018-05-08,6,5.73,10,2018-05-22
072ceefaa466ed2db6816f20fa73bdb2,2018-01-11,2018-02-06,6,2018-02-07,2018-03-02,6,18.8,5,2018-03-09
638eebf8b85459b39afe27e780d7bac6,2018-07-25,2018-08-06,6,2018-08-07,2018-08-15,6,35.53,4,2018-08-21
638eebf8b85459b39afe27e780d7bac6,2018-06-14,2018-06-21,6,2018-06-22,2018-07-02,6,5.07,8,2018-07-12
638eebf8b85459b39afe27e780d7bac6,2018-04-25,2018-05-02,6,2018-05-03,2018-05-11,6,12.29,2,2018-05-15
638eebf8b85459b39afe27e780d7bac6,2018-01-11,2018-02-06,6,2018-02-08,2018-03-02,6,14.4,6,2018-03-12
27fee2631b5ddc1b66752d3635dd26a7,2018-06-06,2018-06-19,6,2018-06-20,2018-07-23,6,3.06,1,2018-07-24
27fee2631b5ddc1b66752d3635dd26a7,2018-01-24,2018-02-06,6,2018-02-07,2018-03-05,6,10.52,4,2018-03-09
41d2152a2c294822fdad3f0579b9f8a2,2018-05-22,2018-06-21,6,2018-06-22,2018-07-19,6,3.65,5,2018-07-26
41d2152a2c294822fdad3f0579b9f8a2,2018-01-24,2018-02-06,4,2018-02-12,2018-03-08,6,13.48,5,2018-03-15
ef3dd41063be6cd5a0f71353341d30b9,2018-01-29,2018-02-06,6,2018-02-07,2018-02-23,6,12.84,10,2018-03-09
72bfca7f3902d9c214cf498bb2c29631,2018-05-21,2018-05-30,6,2018-05-31,2018-06-13,6,4.2,1,2018-06-14
72bfca7f3902d9c214cf498bb2c29631,2018-01-23,2018-02-07,6,2018-02-08,2018-02-23,6,13.96,10,2018-03-09
53560f4e7a50e2393abd5e01f2cb8038,2018-05-22,2018-07-05,6,2018-07-06,2018-07-19,6,8.66,1,2018-07-20
53560f4e7a50e2393abd5e01f2cb8038,2018-03-19,2018-04-20,6,2018-04-23,2018-05-07,6,10.04,1,2018-05-08
8c0e9fe4ab65570699b7ef00003bdfca,2018-05-22,2018-06-21,6,2018-06-22,2018-07-02,6,5.14,1,2018-07-03
8c0e9fe4ab65570699b7ef00003bdfca,2018-04-18,2018-05-02,6,2018-05-03,2018-05-21,6,5.52,1,2018-05-22
bb10da4888e1a5f875db53c0e7130b31,2018-07-24,2018-08-06,6,2018-08-07,2018-08-20,6,4.15,6,2018-08-28
bb10da4888e1a5f875db53c0e7130b31,2018-05-29,2018-06-19,6,2018-06-20,2018-07-12,6,5.54,8,2018-07-24
145e3a05d092c85d73dc6450894c59a0,2018-06-06,2018-06-19,6,2018-06-20,2018-07-20,6,3.0,2,2018-07-24
145e3a05d092c85d73dc6450894c59a0,2018-01-24,2018-02-06,6,2018-02-07,2018-03-02,6,8.29,6,2018-03-12
0e15ebb566cad20254b30473a591e2fb,2018-06-06,2018-06-19,6,2018-06-20,2018-06-28,6,11.16,2,2018-07-02
0e15ebb566cad20254b30473a591e2fb,2018-01-04,2018-01-19,6,2018-01-22,2018-02-01,6,8.05,10,2018-02-22
b4aa359f756107cd78d54306b4571f69,2018-05-23,2018-06-19,6,2018-06-20,2018-09-18,6,4.36,1,2018-09-19
b4aa359f756107cd78d54306b4571f69,2018-01-25,2018-02-06,6,2018-02-07,2018-02-27,6,9.03,9,2018-03-12
10bfc468c2dc9684ff60286a3d8ad7b1,2018-05-28,2018-06-19,6,2018-06-20,2018-06-28,6,7.01,3,2018-07-03
4f9bce3dcbc334a87c9c12359a1df202,2018-06-06,2018-06-19,6,2018-06-20,2018-06-28,6,6.02,3,2018-07-03
4f9bce3dcbc334a87c9c12359a1df202,2018-01-18,2018-02-06,6,2018-02-07,2018-02-23,6,7.77,10,2018-03-09
b908227e3a7504c7d55b5ff92abc67f8,2018-01-02,2018-01-29,6,2018-01-30,2018-02-14,6,16.84,10,2018-03-07
4dda8e67fbff97ea6f379b3b9d06f384,2018-01-25,2018-02-06,6,2018-02-08,2018-03-05,6,46.53,5,2018-07-24
084aae546f51272cc907f0762ceb759e,2018-01-25,2018-02-06,6,2018-02-07,2018-02-23,6,11.14,10,2018-03-09
293e461b87b6af63adf44ff3e891ad1b,2018-08-08,2018-08-17,6,2018-08-20,2018-09-06,6,16.23,10,2018-09-20
293e461b87b6af63adf44ff3e891ad1b,2018-05-29,2018-06-19,6,2018-06-20,2018-07-23,6,9.85,4,2018-07-27
293e461b87b6af63adf44ff3e891ad1b,2018-01-25,2018-02-06,6,2018-02-07,2018-03-08,6,3.79,2,2018-03-12
bc575f3a64309ce5a7e729c80e2ad5ef,2018-05-24,2018-06-19,6,2018-06-20,2018-06-28,6,4.69,1,2018-06-29
bc575f3a64309ce5a7e729c80e2ad5ef,2018-01-24,2018-02-07,6,2018-02-08,2018-02-28,6,16.57,8,2018-03-12
be5a4fb49d8a518bacdfa49bc8cd9bb7,2018-06-08,2018-06-19,6,2018-06-20,2018-06-28,6,6.2,3,2018-07-03
be5a4fb49d8a518bacdfa49bc8cd9bb7,2018-01-26,2018-02-06,6,2018-02-07,2018-02-23,6,17.83,10,2018-03-09
0a8c6224cd39cd9e9469c053d86acd17,2018-07-24,2018-08-06,6,2018-08-07,2018-08-23,6,4.92,2,2018-08-27
0a8c6224cd39cd9e9469c053d86acd17,2018-03-14,2018-03-23,6,2018-03-28,2018-04-24,6,10.0,1,2018-04-25
f1d6ab29947b22ab4ca395884abb891c,2018-01-05,2018-02-06,6,2018-02-07,2018-03-07,6,8.81,10,2018-03-21
d976d09ab852cf61a1812d1367fff68f,2018-06-20,2018-07-06,6,2018-07-09,2018-07-17,6,19.54,5,2018-07-24
ac4ce54d23209a6b26b7465d3c2931c0,2018-01-24,2018-02-06,6,2018-02-07,2018-02-23,6,14.31,10,2018-03-09
3862d2fa521f76ee124c6bdca8eeb799,2018-01-12,2018-02-01,6,2018-02-02,2018-02-27,6,16.59,9,2018-03-12
149904dbecc1bd8cf4cc1678a697cd6a,2018-06-07,2018-06-19,6,2018-06-20,2018-07-23,6,13.22,2,2018-07-25
149904dbecc1bd8cf4cc1678a697cd6a,2018-01-23,2018-02-06,6,2018-02-08,2018-03-01,6,11.36,7,2018-03-12
db8bade9865e72af442a1e76946fb1ee,2018-01-24,2018-02-06,6,2018-02-08,2018-02-28,6,14.24,8,2018-03-12
548e77323bd4499ada07780f2de8e5d2,2018-01-03,2018-02-06,6,2018-02-07,2018-03-08,6,5.53,3,2018-03-13
78fed484c220e78d237e18eabe108e82,2018-08-01,2018-08-08,6,2018-08-09,2018-08-24,6,5.17,2,2018-08-28
0f05c9fa5d8b62e17a0c4ad986174c4e,2018-05-31,2018-06-13,6,2018-06-14,2018-07-02,6,8.79,5,2018-07-09
0f05c9fa5d8b62e17a0c4ad986174c4e,2018-03-12,2018-03-23,6,2018-04-03,2018-04-19,6,23.05,3,2018-04-24
b12323568f38842337edc58b6ab087b3,2018-05-15,2018-06-21,6,2018-06-22,2018-07-09,6,21.03,2,2018-07-17
b12323568f38842337edc58b6ab087b3,2018-03-12,2018-03-23,6,2018-03-26,2018-04-09,6,3.12,2,2018-04-11
b12323568f38842337edc58b6ab087b3,2018-01-05,2018-02-01,6,2018-02-02,2018-03-08,6,4.58,2,2018-03-12
d6848fb9ff86b4fba63ea1d57cde72b4,2018-06-06,2018-06-11,6,2018-06-13,2018-07-20,6,5.25,2,2018-07-24
d6848fb9ff86b4fba63ea1d57cde72b4,2018-01-11,2018-02-06,6,2018-02-08,2018-03-08,6,3.66,2,2018-03-12
741c2ef8ce82e2fbf79e8f1a604fe4d8,2018-01-19,2018-02-06,6,2018-02-07,2018-03-05,6,7.91,5,2018-03-12
ff26a996a0b524b7b7a509b168e5641f,2018-08-13,2018-08-17,6,2018-08-20,2018-09-19,6,3.56,2,2018-09-21
ff26a996a0b524b7b7a509b168e5641f,2018-03-13,2018-03-23,6,2018-03-28,2018-05-04,6,25.47,10,2018-05-18
ff26a996a0b524b7b7a509b168e5641f,2018-01-24,2018-02-06,6,2018-02-12,2018-02-27,6,18.71,5,2018-03-13
42d8765319394f746ad130f84ac226e6,2018-05-22,2018-06-07,6,2018-06-19,2018-07-02,6,4.79,1,2018-07-03
45e6eb1d4d82364f08121d429893d824,2018-05-07,2018-05-30,6,2018-05-31,2018-06-14,6,11.4,7,2018-06-26
d10413790243a99426700016592a63de,2018-01-24,2018-02-07,6,2018-02-08,2018-02-26,6,11.33,10,2018-03-12
51a48b0b4fc27c05bcf0cf95deab3a4f,2018-07-16,2018-07-24,6,2018-07-30,2018-08-08,6,12.97,9,2018-08-21
e25caa63430a0680afe42f7683546853,2018-06-11,2018-06-19,6,2018-06-26,2018-07-06,6,29.82,7,2018-07-17
e25caa63430a0680afe42f7683546853,2018-01-02,2018-02-06,6,2018-02-07,2018-02-23,6,7.89,10,2018-03-09
b7d0cd417e61119fc50dbf820c437581,2018-05-22,2018-06-21,6,2018-06-22,2018-07-24,6,2.56,2,2018-07-26
7f5116d22fd2588d293d0b6a58791d7e,2018-01-23,2018-02-07,6,2018-02-08,2018-02-28,6,7.17,8,2018-03-12
e068331ada7f191e3be19c8c0e806a14,2018-01-24,2018-02-06,6,2018-02-07,2018-02-28,6,8.49,8,2018-03-12
cf55cb3b25b21dc76efd8f1bde769eb2,2018-05-22,2018-06-19,6,2018-06-20,2018-07-23,6,5.42,3,2018-07-26
cf55cb3b25b21dc76efd8f1bde769eb2,2018-01-31,2018-02-06,6,2018-02-07,2018-02-23,6,18.56,4,2018-03-01
a9f91d2a394f64b51d94dd4fc285206f,2018-06-01,2018-06-08,6,2018-06-11,2018-06-28,6,9.58,8,2018-07-10
253663c59b461a4f63a5941307171a90,2018-07-03,2018-07-11,6,2018-07-12,2018-07-24,6,8.87,3,2018-07-27
253663c59b461a4f63a5941307171a90,2018-01-03,2018-01-15,6,2018-01-18,2018-02-23,6,15.84,10,2018-03-09
1f80917b684dd36e1ef997c7b6b17872,2018-04-13,2018-04-20,6,2018-04-23,2018-05-04,6,7.96,3,2018-05-09
1f80917b684dd36e1ef997c7b6b17872,2018-01-29,2018-02-06,6,2018-02-08,2018-03-05,6,7.31,4,2018-03-09
95cfad1736be89f28d740a87bb535daa,2018-05-25,2018-06-20,6,2018-06-21,2018-07-26,6,4.87,6,2018-08-03
95cfad1736be89f28d740a87bb535daa,2018-01-03,2018-01-18,6,2018-01-19,2018-01-31,6,8.97,8,2018-02-12
98f11de4200196426e4e2039a46b031e,2018-06-05,2018-06-25,6,2018-06-26,2018-07-11,6,5.72,9,2018-07-24
98f11de4200196426e4e2039a46b031e,2018-01-04,2018-02-01,6,2018-02-02,2018-02-23,6,13.29,10,2018-03-09
39fccbefb1d47dd1648b86b6cbe88d48,2018-05-24,2018-06-19,6,2018-06-20,2018-07-23,6,3.86,2,2018-07-25
39fccbefb1d47dd1648b86b6cbe88d48,2018-01-31,2018-02-05,6,2018-02-09,2018-03-13,6,7.13,1,2018-03-14
9e533ef3235ca562752574cb4354f052,2018-01-24,2018-02-06,6,2018-02-07,2018-03-02,6,8.68,6,2018-03-12
66ab9d7277fe5ba5c55ae74fe9f89bb7,2018-06-06,2018-06-19,6,2018-06-20,2018-06-28,6,6.88,8,2018-07-10
66ab9d7277fe5ba5c55ae74fe9f89bb7,2018-01-11,2018-02-06,6,2018-02-07,2018-02-28,6,16.45,7,2018-03-09
7166a783215c01baaff2ccb13b7b7340,2018-05-24,2018-06-19,6,2018-06-20,2018-06-28,6,5.88,7,2018-07-09
7166a783215c01baaff2ccb13b7b7340,2018-03-19,2018-03-23,4,2018-03-28,2018-05-02,6,10.81,5,2018-05-09
1c44467d6e6b0877e24ee8543fd47efb,2018-08-13,2018-08-24,6,2018-08-27,2018-09-12,6,4.13,1,2018-09-13
1c44467d6e6b0877e24ee8543fd47efb,2018-05-22,2018-07-06,6,2018-07-11,2018-07-20,6,14.72,3,2018-07-25
ae6ad643d1add2fd95ac53f04bc087fe,2018-05-22,2018-06-19,6,2018-06-20,2018-06-28,6,6.75,3,2018-07-03
65b2debf68d448f5437e42bc31b2e212,2018-05-28,2018-06-19,6,2018-06-20,2018-06-28,6,7.39,10,2018-07-12
65b2debf68d448f5437e42bc31b2e212,2018-01-24,2018-02-07,6,2018-02-08,2018-02-23,6,13.2,10,2018-03-09
d54e0289f285ddade3f0e729bfacc53e,2018-06-06,2018-06-19,6,2018-06-20,2018-07-20,6,3.1,3,2018-07-25
d54e0289f285ddade3f0e729bfacc53e,2018-01-22,2018-02-07,6,2018-02-08,2018-02-23,6,10.97,10,2018-03-09
ca397d6210af5775f82977053d062aaa,2018-06-06,2018-06-19,6,2018-06-20,2018-06-28,6,33.11,3,2018-07-03
c30ab1de0b09aca09e76bce3cf64db7b,2018-05-24,2018-06-21,6,2018-06-22,2018-07-11,6,8.43,9,2018-07-24
c30ab1de0b09aca09e76bce3cf64db7b,2018-01-24,2018-02-07,6,2018-02-08,2018-03-08,6,6.65,2,2018-03-12
6e3e0a520d9748c0f4b0d9d778869b78,2018-06-06,2018-06-19,6,2018-06-20,2018-07-18,6,5.73,4,2018-07-24
6e3e0a520d9748c0f4b0d9d778869b78,2018-01-26,2018-02-06,6,2018-02-07,2018-02-23,6,14.09,7,2018-03-06
ca7a73ca79fc57019b331d4440b08578,2018-07-18,2018-08-06,6,2018-08-07,2018-08-24,6,4.54,1,2018-08-27
ca7a73ca79fc57019b331d4440b08578,2018-04-09,2018-04-20,6,2018-04-23,2018-05-03,6,6.96,2,2018-05-07
ca7a73ca79fc57019b331d4440b08578,2018-01-30,2018-02-06,6,2018-02-07,2018-03-02,6,21.39,5,2018-03-09
71d167851e18884de02a07a116bf68ed,2018-05-08,2018-06-01,6,2018-06-04,2018-06-28,6,12.73,10,2018-07-12
71d167851e18884de02a07a116bf68ed,2018-01-16,2018-02-06,6,2018-02-07,2018-02-27,6,18.13,7,2018-03-08
86a9442bb3aacfd110f28985c853bb27,2018-03-28,2018-04-17,6,2018-04-18,2018-04-26,6,8.61,8,2018-05-10
86a9442bb3aacfd110f28985c853bb27,2018-01-29,2018-02-06,6,2018-02-08,2018-02-28,6,10.92,8,2018-03-12
7233aef650f53db95d85cbd6cdf15555,2018-06-06,2018-06-19,6,2018-06-20,2018-07-23,6,17.74,8,2018-08-02
7233aef650f53db95d85cbd6cdf15555,2018-01-18,2018-02-06,6,2018-02-07,2018-02-28,6,7.42,9,2018-03-13
b8cd996ad23ba0f3bf125df86afcad08,2018-07-26,2018-08-06,6,2018-08-07,2018-08-15,6,24.01,9,2018-08-28
b8cd996ad23ba0f3bf125df86afcad08,2018-05-22,2018-06-21,6,2018-06-22,2018-07-16,6,7.02,1,2018-07-17
5d3532f5ebc4c4041efe0dd2a87c4a75,2018-05-28,2018-06-19,6,2018-06-20,2018-07-06,6,13.55,4,2018-07-12
5d3532f5ebc4c4041efe0dd2a87c4a75,2018-01-29,2018-02-05,6,2018-02-06,2018-02-23,6,17.79,9,2018-03-08
95832bf6d46e4a1b9d86225b03bcf334,2018-01-19,2018-02-06,6,2018-02-07,2018-02-23,6,17.99,7,2018-03-06
a81ae883ad268219b7cb04c966f0f3ff,2018-01-05,2018-02-06,6,2018-02-07,2018-03-07,6,6.45,8,2018-03-19
a487c48f93ad12c1b41589c4dd894431,2018-06-29,2018-07-05,6,2018-07-06,2018-07-16,6,12.25,5,2018-07-23
c6ef4742291bf88e5b86526ac8fb1fa9,2018-03-28,2018-04-20,6,2018-04-23,2018-05-09,6,21.7,8,2018-05-21
c6ef4742291bf88e5b86526ac8fb1fa9,2018-01-24,2018-02-06,6,2018-02-08,2018-03-08,6,16.78,7,2018-03-19
54484eba0e0a5f683bd901e0561d694b,2018-05-28,2018-06-21,6,2018-06-22,2018-07-23,6,3.61,3,2018-07-26
54484eba0e0a5f683bd901e0561d694b,2018-01-15,2018-01-23,6,2018-01-24,2018-02-28,6,11.18,8,2018-03-12
f9410f2aae722a0af45398a2b10a66d8,2018-07-16,2018-08-06,6,2018-08-07,2018-08-24,6,10.01,1,2018-08-27
28a304d68129f53f0094311acd048c89,2018-04-10,2018-04-17,6,2018-04-18,2018-05-04,6,16.66,9,2018-05-17
28a304d68129f53f0094311acd048c89,2018-01-17,2018-02-06,6,2018-02-07,2018-03-02,6,18.02,6,2018-03-12
65e135fa8cf50ea5aaf201642ee3b304,2018-06-12,2018-06-21,6,2018-06-22,2018-07-02,6,5.41,1,2018-07-03
65e135fa8cf50ea5aaf201642ee3b304,2018-01-24,2018-02-06,6,2018-02-07,2018-03-07,6,7.9,4,2018-03-13
7d267b76f8f1e0a88a9c7e0b98ec191e,2018-05-31,2018-06-21,6,2018-06-22,2018-07-24,6,4.07,2,2018-07-26
7d267b76f8f1e0a88a9c7e0b98ec191e,2018-04-02,2018-04-23,6,2018-04-24,2018-05-11,6,14.52,4,2018-05-17
7d267b76f8f1e0a88a9c7e0b98ec191e,2018-01-03,2018-02-06,6,2018-02-07,2018-03-07,6,5.96,3,2018-03-12
f7532b1d839229ab363659a46abae376,2018-06-12,2018-06-19,6,2018-06-20,2018-06-28,6,5.38,3,2018-07-03
f7532b1d839229ab363659a46abae376,2018-05-24,2018-05-30,6,2018-05-31,2018-06-11,6,9.99,1,2018-06-12
f7532b1d839229ab363659a46abae376,2018-03-27,2018-04-23,6,2018-04-24,2018-05-14,6,12.75,8,2018-05-24
f7532b1d839229ab363659a46abae376,2018-01-12,2018-02-06,6,2018-02-07,2018-02-23,6,31.82,10,2018-03-09
12d4ae3e78d8572ad3bb37060e3a9bb6,2018-06-12,2018-06-19,6,2018-06-20,2018-06-28,6,20.04,7,2018-07-09
12d4ae3e78d8572ad3bb37060e3a9bb6,2018-03-29,2018-04-18,6,2018-04-19,2018-05-04,6,4.51,3,2018-05-09
ef77c63f95b39af5a4916f2be6e50fbd,2018-06-06,2018-06-21,6,2018-06-22,2018-07-25,6,8.3,9,2018-08-07
ef77c63f95b39af5a4916f2be6e50fbd,2018-01-29,2018-02-02,6,2018-02-05,2018-02-28,6,7.21,8,2018-03-12
a8b860303402302470ecae3294156b2f,2018-07-24,2018-08-06,6,2018-08-07,2018-08-24,6,4.69,2,2018-08-28
a8b860303402302470ecae3294156b2f,2018-04-27,2018-06-19,6,2018-06-20,2018-06-28,6,12.1,10,2018-07-12
a8b860303402302470ecae3294156b2f,2018-01-24,2018-02-06,6,2018-02-07,2018-02-23,6,25.08,10,2018-03-09
8f6ab6f9c0ada447acdbde2a3ca9e209,2018-08-27,2018-09-11,6,2018-09-12,2018-09-21,6,4.85,4,2018-09-28
8f6ab6f9c0ada447acdbde2a3ca9e209,2018-01-04,2018-02-06,6,2018-02-08,2018-02-23,6,45.12,10,2018-03-09
777e793224143a4c2d6474873378d3c4,2018-06-06,2018-06-19,6,2018-06-20,2018-07-06,6,16.98,2,2018-07-10
777e793224143a4c2d6474873378d3c4,2018-01-18,2018-02-06,6,2018-02-07,2018-03-02,6,14.31,10,2018-03-16
f3fb70afadcef3c2ef7be2528bf16ed8,2018-05-23,2018-06-19,6,2018-06-20,2018-06-28,6,16.11,10,2018-07-12
f3fb70afadcef3c2ef7be2528bf16ed8,2018-01-08,2018-02-06,6,2018-02-08,2018-03-02,6,9.62,6,2018-03-12
257a88c877232094e52eac806da84006,2018-01-11,2018-02-06,6,2018-02-07,2018-02-23,6,20.54,10,2018-03-09
ca054023636d8b926daf36d892ca1c58,2018-05-21,2018-06-19,6,2018-06-20,2018-06-28,6,4.61,3,2018-07-03
f4acd55d3b0f46825eee725b78017be6,2018-06-29,2018-07-05,6,2018-07-06,2018-07-23,6,2.93,2,2018-07-25
04b2d92a49865881c4a8393e67cbbadb,2018-07-19,2018-08-03,6,2018-08-06,2018-08-22,6,6.72,8,2018-09-03
04b2d92a49865881c4a8393e67cbbadb,2018-06-11,2018-06-19,6,2018-06-20,2018-07-09,6,9.48,8,2018-07-19
04b2d92a49865881c4a8393e67cbbadb,2018-03-30,2018-04-17,6,2018-04-18,2018-05-08,6,2.35,1,2018-05-09
04b2d92a49865881c4a8393e67cbbadb,2018-01-24,2018-02-06,6,2018-02-08,2018-03-02,6,40.06,7,2018-03-13
55be47a264a575920ee0aa8adbe83e69,2018-06-06,2018-06-19,6,2018-06-20,2018-06-28,6,5.98,3,2018-07-03
55be47a264a575920ee0aa8adbe83e69,2018-01-24,2018-02-06,6,2018-02-08,2018-03-07,6,7.73,4,2018-03-13
368a1f4cb60e149a444be1cfc810a701,2018-03-12,2018-03-26,6,2018-03-27,2018-04-16,6,3.33,1,2018-04-17
e10994d62e1cdaebdb67ff5e5b36eabe,2018-05-22,2018-06-19,6,2018-06-20,2018-07-12,6,9.98,1,2018-07-13
a31f2fd198cbdbf34ec98c1fe25c7dfa,2018-01-16,2018-02-01,6,2018-02-02,2018-03-06,6,17.95,8,2018-03-16
e1c34179f0cade4724354eadee773911,2018-05-24,2018-06-19,6,2018-06-20,2018-07-02,6,15.01,5,2018-07-09
a92d3875e360780f789438fc660b5b77,2018-05-21,2018-06-08,6,2018-06-19,2018-07-20,6,3.56,4,2018-07-26
766c39ff128716b5c82be77807d1076f,2018-06-04,2018-06-19,6,2018-06-20,2018-06-28,6,8.05,10,2018-07-12
766c39ff128716b5c82be77807d1076f,2018-01-26,2018-02-07,6,2018-02-08,2018-02-23,6,10.0,6,2018-03-05
d4378e878b0efa83d235d02198cb41e3,2018-07-09,2018-07-11,6,2018-07-12,2018-07-20,6,5.49,2,2018-07-24
d4378e878b0efa83d235d02198cb41e3,2018-01-25,2018-02-07,6,2018-02-08,2018-02-23,6,8.37,10,2018-03-09
c10aa4b4eb7b7782ecce3eca4187f713,2018-01-02,2018-01-31,6,2018-02-01,2018-02-09,6,19.83,10,2018-03-02
4d2af9b479b052a4894d5efb2e4e659a,2018-05-24,2018-06-11,6,2018-06-19,2018-06-28,6,10.02,3,2018-07-03
535cd7b506670d2a73b3354345c0c92b,2018-01-18,2018-02-06,6,2018-02-07,2018-02-28,6,10.99,8,2018-03-12
8d1298f98d9afcad71e3605f58a7f017,2018-04-13,2018-04-20,6,2018-04-23,2018-05-04,6,6.05,4,2018-05-10
8d1298f98d9afcad71e3605f58a7f017,2018-01-24,2018-02-07,6,2018-02-08,2018-02-23,6,8.37,10,2018-03-09
648b919bc80efa23adbb9474522007b2,2018-01-05,2018-02-06,6,2018-02-12,2018-02-28,6,18.92,8,2018-03-12
85971ac1a315cb03f97f23bec2419251,2018-03-09,2018-03-26,4,2018-04-02,2018-04-12,6,14.83,4,2018-04-18
83c4052b3e63f1a69b791d5546bb3300,2018-01-25,2018-02-06,6,2018-02-13,2018-03-08,6,2.39,2,2018-03-12
e94191802fe44b4e82607bebe596ca14,2018-06-06,2018-06-19,6,2018-06-20,2018-06-28,6,4.25,3,2018-07-03
e94191802fe44b4e82607bebe596ca14,2018-03-20,2018-03-23,6,2018-03-28,2018-05-22,6,13.0,10,2018-06-05
e94191802fe44b4e82607bebe596ca14,2018-01-11,2018-02-06,6,2018-02-07,2018-03-05,6,12.32,10,2018-03-19
8313288072585dfe7caab39ab6ad6011,2018-05-24,2018-06-19,6,2018-06-20,2018-07-09,6,8.4,5,2018-07-16
8313288072585dfe7caab39ab6ad6011,2018-01-26,2018-02-06,6,2018-02-07,2018-02-23,6,12.27,10,2018-03-09
adad2298412b046c5806a088812aea02,2018-05-22,2018-06-19,6,2018-06-20,2018-07-16,6,14.48,9,2018-07-27
adad2298412b046c5806a088812aea02,2018-01-19,2018-02-02,6,2018-02-05,2018-02-14,6,6.39,9,2018-03-06
080f2d705ddc4cd035149a675cc288fa,2018-07-30,2018-08-02,6,2018-08-03,2018-08-14,6,3.55,1,2018-08-15
080f2d705ddc4cd035149a675cc288fa,2018-05-22,2018-06-22,6,2018-06-25,2018-07-12,6,21.91,10,2018-07-26
080f2d705ddc4cd035149a675cc288fa,2018-01-23,2018-02-06,6,2018-02-08,2018-03-07,6,17.75,3,2018-03-12
049f2de6a76a87640fd0da4cbe96e656,2018-06-07,2018-06-19,6,2018-06-20,2018-07-13,6,6.47,7,2018-07-24
049f2de6a76a87640fd0da4cbe96e656,2018-04-02,2018-04-20,6,2018-04-23,2018-05-07,6,6.28,1,2018-05-08
5f61900a5a9dfbdaeb9d4865df83cf2d,2018-05-22,2018-06-19,6,2018-06-20,2018-07-24,6,21.04,2,2018-07-26
5f61900a5a9dfbdaeb9d4865df83cf2d,2018-01-25,2018-02-07,6,2018-02-08,2018-03-08,6,4.29,2,2018-03-12
849a84e9ef36acb96eba9c8be2afd1ae,2018-05-07,2018-06-06,6,2018-06-07,2018-06-28,6,9.92,10,2018-07-12
849a84e9ef36acb96eba9c8be2afd1ae,2018-01-24,2018-02-07,6,2018-02-08,2018-02-23,6,24.71,10,2018-03-09
3cca69249e76c60083a9df5d6c43e680,2018-08-29,2018-09-03,6,2018-09-04,2018-09-17,6,14.58,8,2018-09-28
8569d1284708c1801b62c52600985176,2018-01-16,2018-02-06,6,2018-02-07,2018-03-05,6,9.6,5,2018-03-12
4e60e192c178b40b17e61e2979ab565c,2018-05-28,2018-06-28,6,2018-06-29,2018-07-13,6,5.56,6,2018-07-23
4e60e192c178b40b17e61e2979ab565c,2018-01-24,2018-02-05,6,2018-02-06,2018-02-23,6,9.63,10,2018-03-09
4ac0225b8e05ae20b939883d664bd423,2018-01-30,2018-02-06,4,2018-02-12,2018-02-28,6,17.14,8,2018-03-12
8d8ecddafdd61f458749433ee15b45f3,2018-05-23,2018-05-29,6,2018-05-30,2018-06-25,6,7.02,6,2018-07-03
8d8ecddafdd61f458749433ee15b45f3,2018-01-26,2018-02-06,6,2018-02-07,2018-02-27,6,11.18,10,2018-03-13
c55f173a909c03e6a799e72104834437,2018-06-12,2018-06-19,6,2018-06-20,2018-06-28,6,9.07,8,2018-07-10
31fa43df1ccb7285c9dac3313daf784f,2018-07-24,2018-08-06,6,2018-08-07,2018-08-17,6,17.7,7,2018-08-28
31fa43df1ccb7285c9dac3313daf784f,2018-05-22,2018-06-21,6,2018-06-22,2018-07-09,6,13.76,3,2018-07-12
31fa43df1ccb7285c9dac3313daf784f,2018-01-03,2018-01-29,6,2018-02-02,2018-02-23,6,16.09,10,2018-03-09
52eff5fae0f161649ab776ef4d2e3c64,2018-05-22,2018-06-19,6,2018-06-20,2018-07-25,6,6.27,10,2018-08-08
fbc721d37d0af920d741475940a1c561,2018-01-24,2018-02-01,6,2018-02-02,2018-02-14,6,7.02,4,2018-02-27
a2d7081f3eb3278ed922548b5a3f02f9,2018-06-06,2018-06-21,4,2018-06-25,2018-07-04,6,7.5,1,2018-07-05
3acc4c1c4ffcc81952c1852248211908,2018-05-22,2018-06-21,6,2018-06-22,2018-07-02,6,14.0,8,2018-07-12
3acc4c1c4ffcc81952c1852248211908,2018-04-16,2018-04-20,4,2018-05-03,2018-05-11,6,18.08,7,2018-05-22
3acc4c1c4ffcc81952c1852248211908,2018-01-09,2018-02-06,6,2018-02-08,2018-02-23,6,19.56,10,2018-03-09
7581fe407342a13f52f9bf0fa45ccd2f,2018-06-07,2018-06-19,6,2018-06-20,2018-06-28,6,5.08,3,2018-07-03
68996e94b4794a6c48a02ccfc75dc6c5,2018-05-22,2018-06-19,6,2018-06-20,2018-07-02,6,3.65,1,2018-07-03
0e680eda42f92b9e36d7e1e72dddbfcd,2018-01-11,2018-02-06,6,2018-02-07,2018-02-27,6,21.38,10,2018-03-13
ab935e3fe0b12e2934624e1e578e798e,2018-01-17,2018-02-06,6,2018-02-07,2018-03-02,6,11.1,6,2018-03-12
fe8c7ad540b5102293e692948b4ba265,2018-06-13,2018-06-19,6,2018-06-20,2018-06-28,6,8.25,1,2018-06-29
774653b7488b1465b9209bda3f98df73,2018-05-21,2018-06-19,6,2018-06-20,2018-07-23,6,8.91,1,2018-07-24
774653b7488b1465b9209bda3f98df73,2018-01-24,2018-02-09,6,2018-02-12,2018-03-08,6,5.9,2,2018-03-12
abeaa5e41d05bad5d8fb490b49e42e24,2018-05-29,2018-06-19,6,2018-06-20,2018-06-28,6,7.92,3,2018-07-03
abeaa5e41d05bad5d8fb490b49e42e24,2018-01-16,2018-02-01,6,2018-02-06,2018-02-22,6,11.23,10,2018-03-08
bbd363a1a19b27af7d20df3e023a20b9,2018-06-14,2018-06-22,6,2018-06-29,2018-07-19,6,10.94,3,2018-07-24
bbd363a1a19b27af7d20df3e023a20b9,2018-05-23,2018-05-30,6,2018-05-31,2018-06-11,6,16.56,3,2018-06-14
bbd363a1a19b27af7d20df3e023a20b9,2018-01-18,2018-02-06,6,2018-02-07,2018-02-23,6,20.57,10,2018-03-09
38bc82e0a1eab03f230444c6444f66a6,2018-06-05,2018-06-19,6,2018-06-20,2018-07-23,6,3.36,2,2018-07-25
13c5e883d50d6e8f2b76748e5425ed7a,2018-06-06,2018-06-19,6,2018-06-20,2018-07-19,6,5.33,1,2018-07-20
13c5e883d50d6e8f2b76748e5425ed7a,2018-04-09,2018-04-23,6,2018-04-24,2018-05-09,6,3.86,9,2018-05-22
13c5e883d50d6e8f2b76748e5425ed7a,2018-01-17,2018-02-06,6,2018-02-07,2018-02-23,6,8.91,10,2018-03-09
cdbb95df3874781636754143785c294d,2018-05-22,2018-05-30,6,2018-06-08,2018-07-02,6,6.3,1,2018-07-03
784498a07277880f00ad6db975a0eb02,2018-05-15,2018-06-19,6,2018-06-20,2018-06-28,6,15.2,4,2018-07-04
784498a07277880f00ad6db975a0eb02,2018-01-11,2018-02-06,6,2018-02-07,2018-03-08,6,3.81,2,2018-03-12
0aaee5db843ef489fd880d605710511e,2018-06-12,2018-06-21,6,2018-06-22,2018-07-17,6,3.4,10,2018-07-31
8147b5f67931ff69ea78183dd1264d35,2018-01-11,2018-02-06,6,2018-02-07,2018-02-23,6,17.19,10,2018-03-09
b1149861b205c9b8a732f69cda0c35ff,2018-05-22,2018-06-19,6,2018-06-20,2018-07-10,6,9.93,10,2018-07-24
b1149861b205c9b8a732f69cda0c35ff,2018-01-25,2018-02-02,6,2018-02-05,2018-02-28,6,11.09,9,2018-03-13
1da8eb91e0db2be2e5709990b0c11d1f,2018-06-05,2018-06-21,6,2018-06-22,2018-07-06,6,8.18,4,2018-07-12
1da8eb91e0db2be2e5709990b0c11d1f,2018-03-12,2018-03-23,6,2018-04-02,2018-04-20,6,13.75,10,2018-05-08
1da8eb91e0db2be2e5709990b0c11d1f,2018-01-24,2018-02-06,6,2018-02-07,2018-02-23,6,18.97,10,2018-03-09
76a87deb85474b68f154ecae428b4e20,2018-05-24,2018-06-19,6,2018-06-20,2018-06-28,6,7.0,3,2018-07-03
76a87deb85474b68f154ecae428b4e20,2018-01-25,2018-02-01,6,2018-02-02,2018-02-23,6,11.59,10,2018-03-09
e7a856aa868cd5963cf2af3daafe7f64,2018-08-15,2018-08-20,6,2018-08-21,2018-08-31,6,23.52,9,2018-09-13
e7a856aa868cd5963cf2af3daafe7f64,2018-04-09,2018-04-17,6,2018-04-18,2018-05-17,6,5.41,3,2018-05-22
8944a763329d0e2023b0cf0382774060,2018-01-18,2018-02-08,6,2018-02-09,2018-03-09,6,2.29,1,2018-03-12
d371627653bc495ca025abc515fddabc,2018-05-29,2018-06-19,6,2018-06-20,2018-07-20,6,6.42,4,2018-07-26
d6343a0b0e6698bfc08c6d65a34c1400,2018-03-13,2018-03-26,6,2018-04-02,2018-05-31,6,13.24,4,2018-06-06
fae3ac5be36a320c7f16d3ca78f01f7a,2018-05-22,2018-06-19,6,2018-06-20,2018-07-16,6,6.1,8,2018-07-26
fae3ac5be36a320c7f16d3ca78f01f7a,2018-01-24,2018-02-02,6,2018-02-05,2018-02-28,6,9.07,8,2018-03-12
d4370b1d0507d258c3b1ba3944a998db,2018-01-24,2018-02-06,6,2018-02-07,2018-02-23,6,18.45,10,2018-03-09
217d827af2a08365120dcba610cbde18,2018-05-16,2018-06-19,6,2018-06-20,2018-07-02,6,16.03,2,2018-07-04
217d827af2a08365120dcba610cbde18,2018-04-12,2018-04-20,6,2018-04-25,2018-05-08,6,11.8,6,2018-05-16
70d0ffcdd4e35c0a2a24f099aa6fc5f8,2018-01-18,2018-02-06,6,2018-02-07,2018-03-05,6,5.37,5,2018-03-12
5ab4af1e9b05f271b6cca8bbc44a2aa8,2018-06-05,2018-06-19,6,2018-06-20,2018-07-18,6,5.9,3,2018-07-23
5ab4af1e9b05f271b6cca8bbc44a2aa8,2018-01-24,2018-02-07,6,2018-02-08,2018-02-23,6,24.03,10,2018-03-09
535ec3de236bb8a4ff939171a72be322,2018-01-25,2018-02-06,6,2018-02-07,2018-02-23,6,11.63,10,2018-03-09
6d89f8ab9668e2683c7eaebd34f8bf72,2018-07-24,2018-08-06,6,2018-08-07,2018-08-20,6,21.3,7,2018-08-29
6d89f8ab9668e2683c7eaebd34f8bf72,2018-05-09,2018-06-21,6,2018-06-22,2018-08-24,6,15.56,3,2018-08-29
6d89f8ab9668e2683c7eaebd34f8bf72,2018-01-03,2018-02-06,6,2018-02-07,2018-02-23,6,25.5,7,2018-03-06
bf28c92bfaab4d7287d2e02347e2eba7,2018-01-16,2018-02-01,6,2018-02-02,2018-03-07,6,23.65,10,2018-03-21
4d1fb37d502f6273f2cc99a116f74a1d,2018-07-24,2018-08-03,6,2018-08-07,2018-08-24,6,14.27,7,2018-09-04
4d1fb37d502f6273f2cc99a116f74a1d,2018-03-20,2018-03-23,4,2018-03-30,2018-04-13,6,16.37,8,2018-04-25
4d1fb37d502f6273f2cc99a116f74a1d,2018-01-11,2018-02-01,6,2018-02-02,2018-02-23,6,15.49,10,2018-03-09
46167ccce2d6b4a27a6686da879f63ac,2018-06-06,2018-06-19,6,2018-06-20,2018-06-28,6,5.28,3,2018-07-03
46167ccce2d6b4a27a6686da879f63ac,2018-01-03,2018-02-06,6,2018-02-13,2018-03-02,6,14.66,6,2018-03-12
692320afeb7d72211032b63ad97bf93a,2018-07-24,2018-08-06,6,2018-08-07,2018-09-25,6,9.98,1,2018-09-26
692320afeb7d72211032b63ad97bf93a,2018-06-06,2018-06-19,6,2018-06-20,2018-06-28,6,10.58,10,2018-07-12
692320afeb7d72211032b63ad97bf93a,2018-04-09,2018-04-17,6,2018-04-18,2018-05-18,6,9.47,5,2018-05-25
692320afeb7d72211032b63ad97bf93a,2018-01-24,2018-02-06,6,2018-02-12,2018-03-06,6,9.84,10,2018-03-20
f97425409809186567a993c675e27287,2018-06-06,2018-06-19,6,2018-06-28,2018-08-02,6,15.88,3,2018-08-07
f97425409809186567a993c675e27287,2018-01-25,2018-02-06,6,2018-02-07,2018-02-23,6,17.54,10,2018-03-09
b3dc69554592bc25649c006c5d974aee,2018-05-21,2018-06-19,6,2018-06-20,2018-07-23,6,15.6,3,2018-07-26
b3dc69554592bc25649c006c5d974aee,2018-01-24,2018-02-06,6,2018-02-07,2018-02-27,6,7.84,9,2018-03-12
d7ea556db0728e98d9b5bfa209156102,2018-06-05,2018-06-19,6,2018-06-20,2018-07-11,6,11.79,9,2018-07-24
1383ebeb4f4207b0cb98830b53816aa7,2018-03-12,2018-03-16,6,2018-03-19,2018-03-29,6,22.28,9,2018-04-13
1383ebeb4f4207b0cb98830b53816aa7,2018-01-24,2018-02-09,6,2018-02-13,2018-03-02,6,16.78,6,2018-03-12
9d6e110aed0da03cee226455586bafd5,2018-01-11,2018-02-06,6,2018-02-13,2018-03-08,6,19.09,2,2018-03-12
7a6a170f67a9bff3252b69c0cd150990,2018-04-26,2018-06-19,6,2018-06-20,2018-06-28,6,7.12,3,2018-07-03
7a6a170f67a9bff3252b69c0cd150990,2018-01-11,2018-02-06,6,2018-02-07,2018-02-23,6,59.42,9,2018-03-08
66528f66813c9e2d696b3045abf15951,2018-05-23,2018-06-19,6,2018-06-20,2018-06-28,6,13.68,4,2018-07-04
66528f66813c9e2d696b3045abf15951,2018-01-11,2018-02-06,6,2018-02-07,2018-02-23,6,10.34,10,2018-03-09
98d67c9d48e1f80da2de704f7acc1a0a,2018-06-08,2018-06-19,6,2018-06-20,2018-07-25,6,2.91,1,2018-07-26
ad131672d8728961d95f2b2006c86230,2018-06-05,2018-06-25,6,2018-06-26,2018-07-20,6,6.06,2,2018-07-24
ad131672d8728961d95f2b2006c86230,2018-01-24,2018-02-06,6,2018-02-07,2018-02-23,6,13.05,10,2018-03-09
2c9ab20c5e003fe358abafa4b29fc821,2018-01-12,2018-02-06,6,2018-02-07,2018-03-08,6,4.82,2,2018-03-12
c03371e050e6b8560b8402013623f949,2018-05-24,2018-06-21,6,2018-06-29,2018-07-11,6,16.17,3,2018-07-16
c03371e050e6b8560b8402013623f949,2018-04-18,2018-04-26,6,2018-04-27,2018-05-09,6,6.79,10,2018-05-23
af1f24fb995fc1c905873f39040338ba,2018-07-23,2018-08-06,6,2018-08-07,2018-08-23,6,5.68,2,2018-08-27
af1f24fb995fc1c905873f39040338ba,2018-05-22,2018-06-19,6,2018-06-20,2018-06-28,6,10.67,3,2018-07-03
1d1e060e6d716e7306522986468b6195,2018-05-28,2018-06-22,6,2018-06-25,2018-07-13,6,9.5,9,2018-07-26
e55aac9d560af8c92170880b410cfb72,2018-05-22,2018-06-19,6,2018-06-20,2018-06-28,6,5.06,3,2018-07-03
9cb378be50734ccad42875548249c6ca,2018-07-02,2018-08-06,6,2018-08-07,2018-09-10,6,6.89,8,2018-09-20
36c6544cbff517eb4426f4b0c9f471fc,2018-05-02,2018-05-04,6,2018-05-10,2018-05-22,6,8.21,2,2018-05-24
f3afb63c1c004d41fcedec953b9b8be0,2018-05-22,2018-06-19,6,2018-06-20,2018-06-28,6,6.07,3,2018-07-03
f3afb63c1c004d41fcedec953b9b8be0,2018-01-09,2018-02-06,6,2018-02-07,2018-02-26,6,19.2,5,2018-03-05
a4ca79e279dfa8f723c414d06a1afef8,2018-03-12,2018-03-23,6,2018-03-26,2018-05-04,6,16.73,6,2018-05-14
a4ca79e279dfa8f723c414d06a1afef8,2018-01-24,2018-02-06,6,2018-02-12,2018-03-08,6,8.93,2,2018-03-12
4d25c8f5ac284d75769a580cb2b4fc47,2018-05-23,2018-06-19,6,2018-06-20,2018-07-20,6,2.26,2,2018-07-24
4d25c8f5ac284d75769a580cb2b4fc47,2018-01-24,2018-02-06,6,2018-02-07,2018-02-23,6,12.64,10,2018-03-09
94e4123442b6a6621017ea452d0fde1a,2018-07-25,2018-08-06,4,2018-08-07,2018-08-15,6,8.87,8,2018-08-27
aea3c574cd1e806ce437837bb96ed390,2018-07-24,2018-08-06,6,2018-08-07,2018-08-20,6,4.47,7,2018-08-29
aea3c574cd1e806ce437837bb96ed390,2018-06-12,2018-06-19,6,2018-06-20,2018-06-28,6,5.86,3,2018-07-03
aea3c574cd1e806ce437837bb96ed390,2018-01-22,2018-02-06,6,2018-02-08,2018-02-28,6,17.12,8,2018-03-12
52d6bcc8a7318a0ee4e6f36698b7cb01,2018-05-24,2018-06-19,6,2018-06-20,2018-07-20,6,60.92,5,2018-07-27
a1ff3e408715e2fab125e59fc2a161bc,2018-05-30,2018-06-20,6,2018-06-21,2018-07-11,6,10.16,2,2018-07-13
d69c50704d36226088f83053c07864b9,2018-01-24,2018-02-06,6,2018-02-08,2018-03-08,6,7.8,3,2018-03-13
580abb8264d8e30936a57590893d0c52,2018-07-24,2018-08-06,6,2018-08-07,2018-08-31,6,18.01,9,2018-09-13
8ac8656c1fc578e9eeaaf5b7611cf1b1,2018-05-31,2018-06-19,6,2018-06-20,2018-07-23,6,3.86,3,2018-07-26
8ac8656c1fc578e9eeaaf5b7611cf1b1,2018-01-22,2018-02-06,6,2018-02-14,2018-03-08,6,6.1,2,2018-03-12
2a4a26210b90a9f7235d42d8564cd9fb,2018-05-22,2018-06-21,6,2018-06-22,2018-07-19,6,8.33,3,2018-07-24
2a4a26210b90a9f7235d42d8564cd9fb,2018-03-12,2018-03-23,6,2018-03-27,2018-05-02,6,10.18,5,2018-05-09
2a4a26210b90a9f7235d42d8564cd9fb,2018-01-11,2018-02-01,6,2018-02-02,2018-02-14,6,12.84,6,2018-03-01
a992b38ea56828d85aa5ade2dbb6ad13,2018-05-28,2018-06-19,6,2018-06-20,2018-07-11,6,7.97,1,2018-07-12
a992b38ea56828d85aa5ade2dbb6ad13,2018-01-24,2018-02-06,6,2018-02-07,2018-02-23,6,6.9,10,2018-03-09
ce384a56d23a4e5c5c1aa23b0541ef5a,2018-01-26,2018-08-20,6,2018-08-21,2018-09-03,6,15.74,3,2018-09-06
91c7ff8e9118047c736af4e1829da1c7,2018-01-26,2018-02-06,6,2018-02-08,2018-03-08,6,8.62,3,2018-03-13
fe6cc2db69f24e685d0d1a30e73684fb,2018-05-21,2018-06-19,6,2018-06-20,2018-07-12,6,14.99,2,2018-07-16
fe6cc2db69f24e685d0d1a30e73684fb,2018-01-23,2018-02-07,6,2018-02-08,2018-03-07,6,18.21,5,2018-03-14
3e0421adb04df6736ba0f97cb1693da9,2018-05-21,2018-06-19,6,2018-06-20,2018-06-28,6,10.79,3,2018-07-03
3e0421adb04df6736ba0f97cb1693da9,2018-01-11,2018-02-06,6,2018-02-07,2018-02-26,6,13.19,10,2018-03-12
62e39e824684ad6d6be902b924d57211,2018-07-26,2018-08-20,6,2018-08-21,2018-09-06,6,21.13,2,2018-09-10
8dc17c029ceb9cbc563740f90ab25556,2018-07-23,2018-08-06,6,2018-08-07,2018-09-06,6,20.56,8,2018-09-18
8dc17c029ceb9cbc563740f90ab25556,2018-01-22,2018-02-06,6,2018-02-07,2018-03-02,6,33.74,8,2018-07-23
27a202194d8248bd6d211f9569c940fc,2018-03-30,2018-04-12,6,2018-04-13,2018-05-07,6,9.68,1,2018-05-08
27a202194d8248bd6d211f9569c940fc,2018-01-11,2018-02-05,6,2018-02-06,2018-02-23,6,11.79,10,2018-03-09
79c20e55b5ce1b7afb578bb90d4777b6,2018-05-21,2018-06-13,6,2018-06-14,2018-06-25,6,14.13,6,2018-07-03
79c20e55b5ce1b7afb578bb90d4777b6,2018-04-09,2018-04-20,6,2018-04-23,2018-05-04,6,13.0,4,2018-05-10
15b953f839373a7627062f6e854b6ac8,2018-01-29,2018-02-06,6,2018-02-07,2018-03-08,6,9.4,10,2018-03-22
6a3845d6de944d04fec9f366b4a5570f,2018-05-11,2018-06-19,6,2018-06-20,2018-07-03,6,2.14,1,2018-07-04
6a3845d6de944d04fec9f366b4a5570f,2018-01-24,2018-02-06,6,2018-02-07,2018-03-08,6,10.06,10,2018-03-22
6f1d9b66a4486b78ff7cc713815d978c,2018-04-18,2018-05-14,6,2018-05-15,2018-07-19,6,6.01,2,2018-07-23
ac4b045fbc536f9051ddc64f80a81b08,2018-07-24,2018-08-06,6,2018-08-07,2018-09-03,6,24.94,8,2018-09-13
ac4b045fbc536f9051ddc64f80a81b08,2018-05-08,2018-06-14,6,2018-06-19,2018-06-28,6,8.32,3,2018-07-03
f5a8ecd271f3b5823446295fb731823b,2018-01-08,2018-02-06,6,2018-02-07,2018-02-23,6,9.22,6,2018-03-05
f36e55713979bf40092c803f1a0cda03,2018-01-03,2018-02-01,6,2018-02-02,2018-02-22,6,6.88,10,2018-03-08
ba94bf73b3dec777547a28bab07720ef,2018-05-22,2018-06-20,6,2018-06-27,2018-07-12,6,9.47,7,2018-07-23
c30cbf4caaea2590002ef5390bd18939,2018-06-05,2018-06-21,6,2018-06-22,2018-07-12,6,10.98,10,2018-07-26
aa66fe1ced885bd70a1c2fbdceee4de9,2018-05-17,2018-06-19,6,2018-06-20,2018-07-12,6,7.42,1,2018-07-13
7adfec0940c2b4059c60c8a25729bc72,2018-01-18,2018-02-06,6,2018-02-07,2018-03-02,6,10.27,6,2018-03-12
8bf6de38f9b2cd65378be06ea92f9997,2018-01-11,2018-02-06,6,2018-02-07,2018-02-27,6,7.08,9,2018-03-12
3f46f0888ade5ea99133c065b6c80f22,2018-01-24,2018-02-06,6,2018-02-07,2018-02-23,6,9.69,10,2018-03-09
f0483b38c41d8cd0acb3466b596095e9,2018-05-22,2018-06-19,6,2018-06-20,2018-07-11,6,4.66,3,2018-07-16
f0483b38c41d8cd0acb3466b596095e9,2018-01-04,2018-02-02,6,2018-02-05,2018-02-23,6,10.54,10,2018-03-09
fc064c0fc142efa8aa0050b97b115efe,2018-05-23,2018-06-19,6,2018-06-20,2018-07-02,6,6.0,10,2018-07-16
fc064c0fc142efa8aa0050b97b115efe,2018-01-03,2018-02-06,6,2018-02-07,2018-02-28,6,15.39,9,2018-03-13
0832829f912bf6f69d9f4ead229c8433,2018-05-25,2018-06-19,6,2018-06-20,2018-07-24,6,2.73,2,2018-07-26
0832829f912bf6f69d9f4ead229c8433,2018-01-25,2018-02-06,6,2018-02-07,2018-03-07,6,6.92,3,2018-03-12
4b8dc7c33c9b8810bc4f62db5a247d7b,2018-07-26,2018-08-06,6,2018-08-07,2018-08-24,6,4.12,1,2018-08-27
4b8dc7c33c9b8810bc4f62db5a247d7b,2018-05-28,2018-06-19,6,2018-06-20,2018-06-28,6,28.19,10,2018-07-26
4b8dc7c33c9b8810bc4f62db5a247d7b,2018-03-20,2018-03-23,6,2018-03-26,2018-04-12,6,9.71,5,2018-04-19
4b8dc7c33c9b8810bc4f62db5a247d7b,2018-01-30,2018-02-06,6,2018-02-07,2018-03-07,6,10.7,9,2018-03-20
b206f34f7f35a9ec3634c9478aca1621,2018-01-16,2018-02-06,6,2018-02-07,2018-02-23,6,13.43,10,2018-03-09
302f8cc7f5068cca6e71bffb6c783e82,2018-01-24,2018-02-06,6,2018-02-07,2018-02-28,6,7.74,8,2018-03-12
86b8a2a682439fec012db355e88f89f9,2018-07-23,2018-08-08,6,2018-08-09,2018-08-27,6,4.22,1,2018-08-28
86b8a2a682439fec012db355e88f89f9,2018-06-11,2018-06-19,6,2018-06-20,2018-06-28,6,24.93,10,2018-07-12
9e3d496c710cf6863eab6bc5bb85d6e2,2018-04-24,2018-04-27,6,2018-05-02,2018-05-15,6,16.02,8,2018-05-25
57a78315683319e976f314eb2e95838b,2018-01-22,2018-02-14,6,2018-02-22,2018-03-07,6,12.97,4,2018-03-13
8f398cd34a999386c7f90e1966b68bd2,2018-07-16,2018-08-06,6,2018-08-07,2018-08-24,6,3.92,1,2018-08-27
8f398cd34a999386c7f90e1966b68bd2,2018-01-04,2018-01-30,6,2018-01-31,2018-02-26,6,22.01,10,2018-03-12
7bdbe0e8e4beaf5566eb91a9bf4289e6,2018-05-08,2018-06-21,6,2018-06-22,2018-07-24,6,4.32,1,2018-07-25
7bdbe0e8e4beaf5566eb91a9bf4289e6,2018-01-26,2018-02-06,6,2018-02-07,2018-02-23,6,17.34,10,2018-03-09
d2f385a42576e61b32dec3a66e001807,2018-07-13,2018-08-06,6,2018-08-07,2018-08-21,6,21.15,10,2018-09-04
7f99bd59a24bfdd09b8df23d1135df10,2018-05-28,2018-06-19,6,2018-06-20,2018-07-11,6,9.67,2,2018-07-13
7f99bd59a24bfdd09b8df23d1135df10,2018-01-26,2018-02-07,6,2018-02-08,2018-02-28,6,11.42,8,2018-03-12
ebceddbe771a6579ce53fdc89c2d3ca8,2018-06-06,2018-06-19,6,2018-06-20,2018-06-28,6,7.82,3,2018-07-03
5972998bc9f79fa1156279fce27dfcfe,2018-01-11,2018-02-06,6,2018-02-07,2018-02-23,6,30.17,6,2018-03-05
1e81bca0a65e4c166d5cdc00d269c5cd,2018-06-04,2018-06-28,6,2018-06-29,2018-07-24,6,4.27,2,2018-07-26
ae5aefa5e7a4a8e645f7ac5d11c87af2,2018-05-28,2018-06-19,6,2018-06-20,2018-06-28,6,6.33,3,2018-07-03
61aa2eff6029887e29bd76e89fffbf6c,2018-07-16,2018-08-06,6,2018-08-07,2018-08-27,6,8.19,6,2018-09-04
61aa2eff6029887e29bd76e89fffbf6c,2018-06-06,2018-06-19,6,2018-06-20,2018-06-28,6,11.52,10,2018-07-12
61aa2eff6029887e29bd76e89fffbf6c,2018-01-16,2018-02-05,6,2018-02-06,2018-02-23,6,29.98,9,2018-03-08
450467e84e37edbe3cdce1081510d451,2018-07-23,2018-08-06,6,2018-08-07,2018-08-27,6,8.64,3,2018-08-30
450467e84e37edbe3cdce1081510d451,2018-05-03,2018-06-19,6,2018-06-20,2018-06-28,6,13.04,10,2018-07-12
ea87d884eab30a2a97df03a9f000af8d,2018-01-24,2018-02-02,6,2018-02-05,2018-02-23,6,23.8,10,2018-03-09
04a306ff7fd9f01dd4e26ca908d3aee6,2018-01-25,2018-02-07,6,2018-02-08,2018-03-01,6,15.95,6,2018-03-09
6134004b48f5caf60113ebc0f96988a6,2018-01-22,2018-02-09,6,2018-02-12,2018-02-27,6,7.08,9,2018-03-12
887ec86c5457d6a5405c940342391e6f,2018-05-22,2018-06-04,6,2018-06-05,2018-06-25,6,27.3,7,2018-07-04
887ec86c5457d6a5405c940342391e6f,2018-04-18,2018-04-23,6,2018-04-24,2018-05-08,6,17.39,10,2018-05-22
e612fe39ae088d8c86017bda12ca278f,2018-01-26,2018-02-01,6,2018-02-02,2018-02-23,6,17.36,10,2018-03-09
8770ff6e2a6e419b98751f029fc1d8d2,2018-07-23,2018-08-21,6,2018-08-22,2018-09-17,6,10.68,4,2018-09-21
af2a07ff0cf2fbf3b2e90391f6ed847b,2018-05-08,2018-06-20,6,2018-06-21,2018-07-12,6,5.89,2,2018-07-16
af2a07ff0cf2fbf3b2e90391f6ed847b,2018-01-09,2018-02-06,6,2018-02-07,2018-03-05,6,5.5,5,2018-03-12
b66da5bd382ca921d4700379ea37ebb5,2018-07-18,2018-07-23,6,2018-07-25,2018-08-22,6,7.14,3,2018-08-27
b66da5bd382ca921d4700379ea37ebb5,2018-05-23,2018-06-19,6,2018-06-20,2018-07-11,6,6.46,5,2018-07-18
2bad0e08d24396a65f8c1769c8c0bb6a,2018-07-17,2018-08-06,6,2018-08-08,2018-08-20,6,12.33,7,2018-08-29
db69259c8de2416b24b7c4d15731308d,2018-04-11,2018-04-27,6,2018-05-02,2018-05-30,6,20.98,2,2018-06-01
7572b96e61e5aca947f41946b93599e8,2018-07-24,2018-08-06,6,2018-08-07,2018-08-24,6,14.37,8,2018-09-05
7572b96e61e5aca947f41946b93599e8,2018-06-06,2018-06-19,6,2018-06-20,2018-06-28,6,7.05,3,2018-07-03
7572b96e61e5aca947f41946b93599e8,2018-05-08,2018-05-14,6,2018-05-15,2018-05-24,6,9.98,1,2018-05-25
7572b96e61e5aca947f41946b93599e8,2018-01-22,2018-02-06,6,2018-02-08,2018-03-02,6,13.09,6,2018-03-12
49abd2db38f7d6ae9eaa41e70c7eb1e3,2018-01-30,2018-02-06,6,2018-02-07,2018-02-28,6,9.58,8,2018-03-12
8d34be0fab393a11db4823880364a8ab,2018-06-06,2018-06-19,6,2018-06-20,2018-07-02,6,11.98,5,2018-07-09
8d34be0fab393a11db4823880364a8ab,2018-01-03,2018-02-02,6,2018-02-05,2018-02-23,6,21.31,10,2018-03-09
f8d06ee2408c923df9bc702878f6925d,2018-05-18,2018-06-07,6,2018-06-08,2018-06-19,6,11.66,10,2018-07-03
b8d006e03f1eebabe56c3125c33d67be,2018-06-12,2018-06-21,6,2018-06-22,2018-07-11,6,23.69,10,2018-07-25
b8d006e03f1eebabe56c3125c33d67be,2018-01-25,2018-02-09,6,2018-02-12,2018-04-17,6,6.68,2,2018-04-19
7016c90b2807d054cc952490b6d9b491,2018-03-30,2018-04-23,6,2018-04-24,2018-05-04,6,4.5,10,2018-05-18
2c6d88e79c6cd24420bcdc42fd0d12fe,2018-01-11,2018-02-07,6,2018-02-08,2018-03-08,6,4.0,2,2018-03-12
8dac5d5a45a6c7a9aabdb3df135bac5d,2018-01-25,2018-02-23,6,2018-03-02,2018-03-29,6,8.94,7,2018-04-11
a34d0c68d8723bbea5c9019cec5a6d96,2018-06-11,2018-06-19,6,2018-06-20,2018-06-28,6,7.07,8,2018-07-10
a34d0c68d8723bbea5c9019cec5a6d96,2018-01-24,2018-02-06,6,2018-02-07,2018-02-23,6,16.59,10,2018-03-09
7620812d558503172b7689c00b743ddb,2018-04-25,2018-05-18,6,2018-05-21,2018-07-23,6,6.93,6,2018-07-31
62141f75f3b76f4984520e0cc41f0706,2018-01-25,2018-02-06,6,2018-02-12,2018-03-08,6,2.18,1,2018-03-09
1f8e78314fcc0a4c1934dc42523c726e,2018-01-26,2018-02-06,6,2018-02-08,2018-02-28,6,14.54,8,2018-03-12
813441d96dc34c7765abed91621be9e9,2018-05-22,2018-06-19,6,2018-06-20,2018-06-28,6,4.0,3,2018-07-03
813441d96dc34c7765abed91621be9e9,2018-01-24,2018-02-06,6,2018-02-07,2018-02-23,6,8.85,10,2018-03-09
163a487469a72ab16a9fbb876c60ce85,2018-05-10,2018-05-31,6,2018-06-01,2018-06-21,6,6.54,1,2018-06-22
023ce4d85c96ffcda98a7be6e94bd917,2018-05-24,2018-06-25,6,2018-06-28,2018-07-27,6,6.52,1,2018-07-30
bb3a33363f17b021561cd3679c631e62,2018-05-28,2018-06-19,6,2018-06-20,2018-06-28,6,4.26,3,2018-07-03
bb3a33363f17b021561cd3679c631e62,2018-01-24,2018-02-06,6,2018-02-07,2018-02-23,6,12.03,10,2018-03-09
66fdcb57e1fc865808421e23ce82f398,2018-05-22,2018-06-19,6,2018-06-20,2018-06-28,6,6.07,3,2018-07-03
8fdce258462c3a4a8897d383e383179b,2018-01-11,2018-02-06,6,2018-02-07,2018-02-28,6,16.63,9,2018-03-13
4bbe0016f8fa07d04f5a66896dd8e8e2,2018-06-06,2018-06-19,6,2018-06-20,2018-07-02,6,13.16,2,2018-07-04
4bbe0016f8fa07d04f5a66896dd8e8e2,2018-01-30,2018-02-09,6,2018-02-12,2018-03-06,6,8.62,10,2018-03-20
4b8b4c8efb6d0c39adc940f554d4362c,2018-07-24,2018-08-06,6,2018-08-07,2018-08-31,6,7.69,2,2018-09-04
4b8b4c8efb6d0c39adc940f554d4362c,2018-06-06,2018-06-19,6,2018-06-21,2018-07-09,6,7.37,10,2018-07-23
367410f744d4b1c33ebae7bfd1bf3f14,2018-01-15,2018-02-06,6,2018-02-07,2018-03-02,6,8.69,6,2018-03-12
24d6eb2741a3bb7a4bc7e9f036f68d2b,2018-05-22,2018-06-19,6,2018-06-20,2018-06-28,6,5.68,10,2018-07-12
57258df040f4b247660860eea560f65d,2018-05-29,2018-06-19,6,2018-06-20,2018-08-17,6,20.19,8,2018-08-29
57258df040f4b247660860eea560f65d,2018-01-09,2018-02-01,6,2018-02-02,2018-02-23,6,21.11,10,2018-03-09
1a26b7f2310457d890d76060953ea30c,2018-07-02,2018-07-30,6,2018-08-01,2018-08-14,6,3.4,1,2018-08-15
1a26b7f2310457d890d76060953ea30c,2018-04-26,2018-05-03,6,2018-05-04,2018-05-23,6,20.38,6,2018-05-31
1a26b7f2310457d890d76060953ea30c,2018-01-25,2018-02-06,6,2018-02-12,2018-03-08,6,8.81,9,2018-03-21
da6686be39c87da47297c233bb48334d,2018-06-06,2018-06-21,6,2018-06-22,2018-07-13,6,11.22,8,2018-07-25
3f3f1cbdc7a3c8d17916d6c1fd05b3bc,2018-05-29,2018-06-21,6,2018-06-22,2018-07-02,6,3.82,1,2018-07-03
3f3f1cbdc7a3c8d17916d6c1fd05b3bc,2018-01-19,2018-02-06,6,2018-02-07,2018-02-23,6,18.32,10,2018-03-09
fe2403994e54f11fe3a52374b7aa0ff7,2018-05-22,2018-06-21,6,2018-06-22,2018-07-20,6,33.92,4,2018-07-26
fe2403994e54f11fe3a52374b7aa0ff7,2018-03-20,2018-03-23,6,2018-03-26,2018-04-13,6,3.93,1,2018-04-16
dba584aa0aceb566fd1aaa45fa1a3976,2018-07-23,2018-08-17,6,2018-08-20,2018-09-12,6,14.87,9,2018-09-26
dba584aa0aceb566fd1aaa45fa1a3976,2018-06-08,2018-06-21,6,2018-06-22,2018-07-10,6,7.8,9,2018-07-23
dba584aa0aceb566fd1aaa45fa1a3976,2018-03-30,2018-04-20,6,2018-04-23,2018-05-04,6,13.69,7,2018-05-15
cf43fa14a563fdef930ea55915d896fb,2018-06-05,2018-06-19,6,2018-06-20,2018-07-12,6,4.3,1,2018-07-13
6bc9c4eef4cf20090ee6cd14c1262026,2018-07-31,2018-08-06,6,2018-08-13,2018-08-27,6,3.38,1,2018-08-28
1e2631fe26766b5f900d301246b36e5f,2018-05-24,2018-06-19,6,2018-06-20,2018-07-02,6,4.15,1,2018-07-03
b21f752355663ae680b9e82753892eb6,2018-05-24,2018-05-29,6,2018-05-30,2018-06-27,6,2.92,4,2018-07-03
5558d88adb31337726f9e5dc333b63d4,2018-05-22,2018-06-19,6,2018-06-20,2018-06-28,6,5.57,3,2018-07-03
3f4a4f1f1e12a2db84c6353aee13ce2a,2018-01-19,2018-02-06,6,2018-02-07,2018-02-28,6,10.15,8,2018-03-12
ffc9a76a17067f3b72d053bcca123d20,2018-07-13,2018-07-23,6,2018-07-24,2018-08-17,6,9.08,8,2018-08-29
ffc9a76a17067f3b72d053bcca123d20,2018-01-30,2018-02-02,6,2018-02-05,2018-03-01,6,12.4,7,2018-03-12
31cd73aa3e611b2c1848ee7c968d20c2,2018-07-26,2018-08-06,6,2018-08-07,2018-08-20,6,10.08,1,2018-08-21
31cd73aa3e611b2c1848ee7c968d20c2,2018-01-11,2018-02-06,6,2018-02-08,2018-03-08,6,9.94,3,2018-03-13
060b8a4f864f327150dea15589348fa6,2018-04-19,2018-06-19,6,2018-06-20,2018-06-28,6,11.39,3,2018-07-03
87713ddf0a814736211f2f133217ae5d,2018-07-26,2018-08-20,6,2018-08-21,2018-08-31,6,13.49,9,2018-09-13
e18303696d241bdfd22c31b0d975f8cb,2018-07-27,2018-08-17,6,2018-08-20,2018-08-31,6,14.27,7,2018-09-11
e18303696d241bdfd22c31b0d975f8cb,2018-06-20,2018-06-25,6,2018-06-26,2018-07-11,6,17.2,4,2018-07-17
460477c507fc5b2835d0d59fefa8d812,2018-07-24,2018-08-06,6,2018-08-07,2018-08-27,6,9.98,1,2018-08-28
460477c507fc5b2835d0d59fefa8d812,2018-06-06,2018-06-19,6,2018-06-20,2018-06-28,6,5.66,3,2018-07-03
460477c507fc5b2835d0d59fefa8d812,2018-01-19,2018-02-06,6,2018-02-08,2018-03-06,6,24.56,4,2018-03-12
ccf8d9e70cbc5e579548470442e6b97c,2018-06-13,2018-06-19,6,2018-06-20,2018-06-28,6,6.54,3,2018-07-03
c55af84908d2b69c06fae68cf99e3cc3,2018-05-15,2018-06-19,6,2018-06-20,2018-07-20,6,3.8,4,2018-07-26
c55af84908d2b69c06fae68cf99e3cc3,2018-02-02,2018-02-09,6,2018-02-12,2018-03-07,6,7.02,9,2018-03-20
d82adaff991460d9e1156af4738d1012,2018-05-23,2018-06-19,6,2018-06-20,2018-06-28,6,33.49,10,2018-07-12
d82adaff991460d9e1156af4738d1012,2018-01-24,2018-02-02,6,2018-02-05,2018-02-23,6,17.4,10,2018-03-09
94f6f317ab8bc75b98a4ceaad6efec83,2018-03-30,2018-04-11,6,2018-04-18,2018-05-17,6,12.13,3,2018-05-22
3adfa0982b357674ace9625adefa8243,2018-05-22,2018-06-19,6,2018-06-20,2018-07-19,6,4.82,3,2018-07-24
3adfa0982b357674ace9625adefa8243,2018-01-26,2018-02-06,6,2018-02-07,2018-02-23,6,10.49,10,2018-03-09
c720a96599e8043d63e474b0f7b4c50c,2018-05-22,2018-06-19,6,2018-06-20,2018-07-09,6,6.88,3,2018-07-12
c720a96599e8043d63e474b0f7b4c50c,2018-03-13,2018-03-23,6,2018-03-26,2018-05-21,6,7.45,1,2018-05-22
6269a62782696fe5118afe75cbaf8fb5,2018-01-29,2018-02-02,6,2018-02-05,2018-02-23,6,20.98,10,2018-03-09
4e2e9e837671cb5e97d6c69718e7c09d,2018-01-09,2018-02-06,6,2018-02-07,2018-02-23,6,22.78,10,2018-03-09
6c81b18e25148b4f10a04b044866b8ce,2018-07-13,2018-08-03,6,2018-08-06,2018-08-24,6,4.9,2,2018-08-28
6c81b18e25148b4f10a04b044866b8ce,2018-05-24,2018-05-25,6,2018-05-28,2018-06-22,6,11.0,6,2018-07-02
6c81b18e25148b4f10a04b044866b8ce,2018-01-22,2018-02-07,6,2018-02-12,2018-02-27,6,13.52,9,2018-03-12
9a8cd5472eb0a49322cee222b6dab181,2018-06-20,2018-06-25,6,2018-06-26,2018-07-05,6,15.09,5,2018-07-12
06c7edb921396cf0ac1810c78378edd4,2018-06-14,2018-06-25,6,2018-06-26,2018-07-05,6,53.62,5,2018-07-12
06c7edb921396cf0ac1810c78378edd4,2018-04-10,2018-04-13,6,2018-04-16,2018-05-04,6,6.48,2,2018-05-08
06c7edb921396cf0ac1810c78378edd4,2018-01-26,2018-02-07,6,2018-02-08,2018-02-23,6,12.6,10,2018-03-09
863f4630bf60e28693b299ec7005442a,2018-04-03,2018-04-17,6,2018-04-18,2018-05-04,6,12.39,9,2018-05-17
863f4630bf60e28693b299ec7005442a,2018-01-04,2018-02-06,6,2018-02-08,2018-02-23,6,17.71,10,2018-03-09
0e38dd50db9033aaa05f1f1b92498ed4,2018-07-18,2018-08-03,6,2018-08-06,2018-09-05,6,23.69,7,2018-09-14
0e38dd50db9033aaa05f1f1b92498ed4,2018-01-11,2018-05-03,6,2018-05-04,2018-06-19,6,23.22,9,2018-07-02
e3a043534bf649fe0e0e3af608001da4,2018-05-24,2018-06-19,6,2018-06-20,2018-07-20,6,12.82,4,2018-07-26
e3a043534bf649fe0e0e3af608001da4,2018-01-24,2018-02-06,6,2018-02-07,2018-03-06,6,5.19,4,2018-03-12
8a5bfd3d15b48d1cb161708580c78457,2018-05-22,2018-06-19,6,2018-06-20,2018-07-24,6,11.12,2,2018-07-26
8a5bfd3d15b48d1cb161708580c78457,2018-01-24,2018-02-06,6,2018-02-07,2018-02-23,6,11.09,10,2018-03-09
bd84a2b9aee136f06e7a2a6c523c2675,2018-01-17,2018-02-07,6,2018-02-08,2018-02-23,6,9.32,10,2018-03-09
646ea535ef31bc46dae19d5cc6c5e01a,2018-05-23,2018-06-19,6,2018-06-20,2018-07-11,6,8.12,4,2018-07-17
34c7d3591c89e7df44a56c67e494be64,2018-05-08,2018-06-25,6,2018-07-03,2018-07-13,6,4.71,2,2018-07-17
3f4d622971b576dea5c1d894dbebf008,2018-05-16,2018-06-19,6,2018-06-20,2018-06-28,6,5.11,3,2018-07-03
3f4d622971b576dea5c1d894dbebf008,2018-04-09,2018-05-02,6,2018-05-03,2018-05-14,6,20.79,2,2018-05-16
3f4d622971b576dea5c1d894dbebf008,2018-01-25,2018-02-06,6,2018-02-08,2018-03-06,6,20.75,5,2018-03-13
6d6f07d93489f4a8fd9257de800e7b30,2018-06-12,2018-06-21,6,2018-06-22,2018-07-20,6,5.52,6,2018-07-30
6d6f07d93489f4a8fd9257de800e7b30,2018-01-11,2018-02-01,6,2018-02-02,2018-02-26,6,8.35,10,2018-03-12
876ec3c5b32e6770a9a84fea2a0c6be3,2018-05-24,2018-06-19,6,2018-06-20,2018-07-12,6,7.93,2,2018-07-16
876ec3c5b32e6770a9a84fea2a0c6be3,2018-01-09,2018-02-01,6,2018-02-02,2018-02-23,6,9.18,10,2018-03-09
357b12d130e6cbb2dc0c200fab368bbe,2018-07-26,2018-08-06,6,2018-08-07,2018-08-22,6,37.41,5,2018-08-29
357b12d130e6cbb2dc0c200fab368bbe,2018-05-10,2018-05-30,6,2018-05-31,2018-06-11,6,4.04,2,2018-06-13
357b12d130e6cbb2dc0c200fab368bbe,2018-01-30,2018-02-06,6,2018-02-07,2018-02-23,6,25.72,10,2018-03-09
4c6d30175ff08ed901e23aa107d5409e,2018-01-12,2018-02-07,6,2018-02-08,2018-02-23,6,20.81,10,2018-03-09
01652e4e038e84fa4a61e95e3f57589b,2018-01-22,2018-02-14,6,2018-02-22,2018-03-05,6,18.76,6,2018-03-13
a38554a4c571a5d0f7c70230b506017d,2018-01-29,2018-02-07,6,2018-02-08,2018-03-07,6,6.14,2,2018-03-09
81a82385056cbe0771cb79161f2e9732,2018-01-15,2018-02-22,6,2018-02-27,2018-03-08,6,7.18,3,2018-03-13
2254418b0c2dc25720810adaf7a13855,2018-08-01,2018-08-06,6,2018-08-07,2018-09-07,6,20.25,2,2018-09-11
049ec11cc8adcf20d37c6449a58a2f8a,2018-06-04,2018-06-11,6,2018-06-12,2018-06-26,6,6.29,9,2018-07-09
3ec9ac739920046e51105f4c47ee7823,2018-05-10,2018-06-19,6,2018-06-20,2018-07-17,6,9.9,1,2018-07-18
3ec9ac739920046e51105f4c47ee7823,2018-03-12,2018-03-23,6,2018-03-26,2018-04-12,6,12.28,2,2018-04-16
de515715acd9135f191687d6f399787e,2018-01-24,2018-02-06,6,2018-02-07,2018-02-23,6,16.71,10,2018-03-09
6d2009737e24479c9ab319a4126c8dc6,2018-06-13,2018-06-19,6,2018-06-20,2018-07-05,6,14.63,6,2018-07-13
ede4f4d1eeebe3972f3594bd45a8fa21,2018-01-29,2018-02-06,6,2018-02-07,2018-03-02,6,37.24,6,2018-03-12
8ded5029f31b7b058da1f921050e509b,2018-04-10,2018-04-23,6,2018-04-24,2018-05-18,6,7.17,2,2018-05-22
8ded5029f31b7b058da1f921050e509b,2018-01-30,2018-02-02,6,2018-02-05,2018-02-14,6,10.1,10,2018-03-07
ae25ee9446127231890a53fd4eab20b0,2018-06-06,2018-06-20,6,2018-06-21,2018-07-11,6,10.77,9,2018-07-24
dbe26955acaef064bf13ca0d00aeffd8,2018-05-24,2018-06-19,6,2018-06-20,2018-07-06,6,8.58,6,2018-07-16
f66ad5e1d09395085d271e24d81e6492,2018-06-06,2018-06-19,6,2018-06-20,2018-08-03,6,5.65,4,2018-08-09
5d799343ce069f3818047bf848c3914f,2018-07-13,2018-08-03,6,2018-08-06,2018-08-17,6,7.53,7,2018-08-28
5d799343ce069f3818047bf848c3914f,2018-05-07,2018-05-30,6,2018-05-31,2018-06-11,6,5.11,3,2018-06-14
5d799343ce069f3818047bf848c3914f,2018-01-11,2018-02-02,6,2018-02-05,2018-02-22,6,21.75,10,2018-03-08
68a817594b61badaafe4dbf01aa1e8c4,2018-08-14,2018-08-31,6,2018-09-05,2018-09-19,6,10.03,1,2018-09-20
000eff965b05bcfdd673f402daf80c57,2018-05-15,2018-06-19,6,2018-06-20,2018-06-29,6,16.37,6,2018-07-09
32ec84bccbca1f9c974fc7f2776a110d,2018-07-26,2018-08-06,6,2018-08-07,2018-08-30,6,23.86,5,2018-09-06
f885d5b0dd1edb4df5361ad457291e1d,2018-05-28,2018-06-19,6,2018-06-20,2018-06-28,6,5.05,8,2018-07-10
f885d5b0dd1edb4df5361ad457291e1d,2018-01-03,2018-02-06,6,2018-02-07,2018-02-23,6,12.19,10,2018-03-09
30fa44e16845ebe23d5170b93b14be63,2018-04-09,2018-04-13,6,2018-04-16,2018-05-02,6,13.47,10,2018-05-16
30fa44e16845ebe23d5170b93b14be63,2018-01-24,2018-02-06,6,2018-02-07,2018-02-28,6,19.58,8,2018-03-12
5a48b8eeb3b85d6cd3400326fb47c774,2018-06-12,2018-06-21,6,2018-06-22,2018-07-06,6,11.0,3,2018-07-11
5a48b8eeb3b85d6cd3400326fb47c774,2018-04-09,2018-04-20,6,2018-04-23,2018-05-03,6,12.13,10,2018-05-17
5a48b8eeb3b85d6cd3400326fb47c774,2018-01-18,2018-02-06,6,2018-02-07,2018-03-07,6,15.89,10,2018-03-21
8181c006cacb6bb09c47ad405264f27e,2018-03-12,2018-03-23,6,2018-03-26,2018-04-12,6,5.42,2,2018-04-16
998d9f9fcff38beb5001deebdf43214c,2018-07-13,2018-08-06,6,2018-08-07,2018-08-22,6,6.0,1,2018-08-23
6b9d675f040126e78619138ccc44d6c4,2018-04-09,2018-04-20,6,2018-04-23,2018-05-17,6,12.63,5,2018-05-24
55f8917126176b6e31cd8c6fe5379fa2,2018-08-13,2018-08-17,6,2018-08-20,2018-09-12,6,4.81,4,2018-09-18
55f8917126176b6e31cd8c6fe5379fa2,2018-03-12,2018-03-16,6,2018-03-19,2018-04-04,6,5.5,1,2018-04-09
55f8917126176b6e31cd8c6fe5379fa2,2018-01-24,2018-02-06,6,2018-02-07,2018-02-23,6,29.54,10,2018-03-09
60d4099e352ca7e4424286ae1b7dbcfa,2018-05-22,2018-05-30,6,2018-05-31,2018-06-14,6,2.49,1,2018-06-15
60d4099e352ca7e4424286ae1b7dbcfa,2018-01-24,2018-02-06,4,2018-02-12,2018-02-28,6,16.51,8,2018-03-12
0098a1a5a49ec47ba3efae14fee56854,2018-05-24,2018-06-19,6,2018-06-20,2018-06-28,6,8.07,3,2018-07-03
0098a1a5a49ec47ba3efae14fee56854,2018-01-22,2018-02-06,6,2018-02-07,2018-02-23,6,10.03,10,2018-03-09
6acacb34ec8acf68e75c94d8680284b1,2018-06-08,2018-06-15,6,2018-06-19,2018-06-28,6,26.67,10,2018-07-12
6a34092afa98b7a7a416398846a88d10,2018-04-13,2018-04-23,6,2018-04-25,2018-05-09,6,4.38,1,2018-05-10
8821b94d851b87ff101aa99c72048a5b,2018-06-05,2018-06-21,6,2018-06-22,2018-07-20,6,6.6,4,2018-07-26
d50156bb6ccc3cc628a8464a02f83731,2018-07-10,2018-08-06,6,2018-08-07,2018-08-24,6,4.18,1,2018-08-27
d50156bb6ccc3cc628a8464a02f83731,2018-05-23,2018-06-19,6,2018-06-20,2018-07-02,6,6.27,1,2018-07-03
d50156bb6ccc3cc628a8464a02f83731,2018-04-09,2018-04-12,6,2018-04-13,2018-05-07,6,6.11,10,2018-05-21
d50156bb6ccc3cc628a8464a02f83731,2018-01-11,2018-02-06,6,2018-02-07,2018-02-23,6,36.9,10,2018-03-09
dddee61a7d8c2df6250690d28a89315b,2018-05-29,2018-06-19,6,2018-06-20,2018-07-23,6,5.32,1,2018-07-24
dddee61a7d8c2df6250690d28a89315b,2018-01-22,2018-02-06,6,2018-02-08,2018-03-02,6,35.07,4,2018-03-08
65c53cf558daea8643cfcdbfbce8b351,2018-01-24,2018-02-09,6,2018-02-12,2018-05-14,6,6.82,6,2018-05-22
87cdd7437e72353f6b2e72e51725fab3,2018-05-15,2018-05-30,6,2018-05-31,2018-06-11,6,6.36,1,2018-06-12
87cdd7437e72353f6b2e72e51725fab3,2018-01-11,2018-02-06,6,2018-02-07,2018-03-05,6,9.1,5,2018-03-12
6dd9f32f3dcc05bb5ae187df3def699f,2018-07-17,2018-08-03,6,2018-08-06,2018-08-27,6,5.26,1,2018-08-28
18f638b95abbe2beb0051448e49dac03,2018-07-24,2018-08-03,6,2018-08-07,2018-09-03,6,10.86,3,2018-09-06
18f638b95abbe2beb0051448e49dac03,2018-03-09,2018-03-23,6,2018-04-02,2018-04-13,6,13.29,8,2018-04-25
18f638b95abbe2beb0051448e49dac03,2018-01-26,2018-02-02,4,2018-02-12,2018-03-06,6,6.27,3,2018-03-09
6f6387634f7303b11e910cc92ddb1bb4,2018-06-05,2018-06-19,6,2018-06-20,2018-06-28,6,17.38,10,2018-07-12
6f6387634f7303b11e910cc92ddb1bb4,2018-01-11,2018-02-06,6,2018-02-07,2018-02-28,6,14.9,9,2018-03-13
733dc2f24fb7b926d66e6ce64d74b878,2018-06-08,2018-06-19,6,2018-06-28,2018-07-10,6,6.5,2,2018-07-12
733dc2f24fb7b926d66e6ce64d74b878,2018-04-03,2018-04-23,6,2018-04-24,2018-05-07,6,15.3,9,2018-05-18
733dc2f24fb7b926d66e6ce64d74b878,2018-01-17,2018-02-06,6,2018-02-07,2018-03-08,6,42.83,6,2018-03-16
bbe67689b91c9349b9101ec5756107b7,2018-07-23,2018-08-06,6,2018-08-07,2018-08-24,6,7.91,2,2018-08-28
bbe67689b91c9349b9101ec5756107b7,2018-05-22,2018-06-26,6,2018-06-27,2018-07-06,6,10.81,2,2018-07-10
8a3056252128e035b4e2ee32fb29e3b4,2018-07-02,2018-08-08,6,2018-08-09,2018-09-03,6,53.15,6,2018-09-11
ea33398679b85a3bc281d10f5885b103,2018-07-27,2018-08-01,6,2018-08-02,2018-09-04,6,5.02,1,2018-09-05
d10660251cfe0c7ad02045003db00bf6,2018-01-16,2018-02-06,6,2018-02-07,2018-03-07,6,7.16,3,2018-03-12
63f47c43dc2a330534cb65874f4078cc,2018-07-16,2018-08-08,6,2018-08-09,2018-08-20,6,11.75,2,2018-08-22
63f47c43dc2a330534cb65874f4078cc,2018-06-11,2018-06-19,6,2018-06-20,2018-07-09,6,11.26,5,2018-07-16
63f47c43dc2a330534cb65874f4078cc,2018-03-19,2018-03-23,6,2018-03-26,2018-04-09,6,4.79,2,2018-04-11
50bf183cbb00ac8b70f0c4e98ec33136,2018-08-29,2018-09-10,6,2018-09-11,2018-09-21,6,4.77,1,2018-09-25
50bf183cbb00ac8b70f0c4e98ec33136,2018-07-24,2018-08-06,6,2018-08-07,2018-08-16,6,34.57,9,2018-08-29
50bf183cbb00ac8b70f0c4e98ec33136,2018-04-16,2018-04-20,6,2018-04-23,2018-05-28,6,21.63,4,2018-06-01
08995511ccb34c28f667c4c36256bdbb,2018-01-24,2018-02-06,6,2018-02-07,2018-02-23,6,13.1,10,2018-03-09
556921efe41bc99f2edb294da0cb2e2a,2018-01-24,2018-02-14,6,2018-02-22,2018-03-07,6,5.6,9,2018-03-20
1e5fd8fca3160f6381c623459f47adb9,2018-07-25,2018-07-30,6,2018-07-31,2018-08-09,6,9.29,8,2018-08-21
1e5fd8fca3160f6381c623459f47adb9,2018-01-16,2018-02-06,6,2018-02-07,2018-02-23,6,28.12,4,2018-03-01
15587097723aacc681a9313dbe911328,2018-07-24,2018-08-06,6,2018-08-07,2018-08-17,6,11.29,10,2018-08-31
15587097723aacc681a9313dbe911328,2018-04-09,2018-04-20,6,2018-04-23,2018-05-18,6,11.29,9,2018-05-31
15587097723aacc681a9313dbe911328,2018-01-17,2018-02-06,6,2018-02-07,2018-03-02,6,12.56,6,2018-03-12
1d3681f7d500b0bfb44f5a304f0e492b,2018-05-22,2018-05-30,6,2018-05-31,2018-06-08,6,13.33,2,2018-06-12
1d3681f7d500b0bfb44f5a304f0e492b,2018-04-11,2018-04-27,6,2018-05-02,2018-05-15,6,16.23,5,2018-05-22
1d3681f7d500b0bfb44f5a304f0e492b,2018-01-24,2018-02-06,6,2018-02-12,2018-03-01,6,57.85,9,2018-03-14
094fd78b674108e755fcb7744bbc98d1,2018-06-06,2018-06-19,6,2018-06-20,2018-06-28,6,3.93,1,2018-06-29
565e6c1f45a4a9bf07ee777e7d079744,2018-03-20,2018-03-23,6,2018-03-26,2018-04-03,6,14.96,2,2018-04-09
565e6c1f45a4a9bf07ee777e7d079744,2018-01-23,2018-02-06,6,2018-02-07,2018-02-23,6,21.23,7,2018-03-06
ac87b2e4bb3ad0de9d9ad25dacc2a78c,2018-06-06,2018-06-21,6,2018-06-25,2018-08-13,6,3.8,3,2018-08-16
67f2d49d8f1d612b7cfea049b9a3d46d,2018-05-24,2018-06-19,6,2018-06-20,2018-07-05,6,20.55,9,2018-07-18
67f2d49d8f1d612b7cfea049b9a3d46d,2018-01-05,2018-02-01,6,2018-02-02,2018-03-08,6,5.33,3,2018-03-13
1f01524e8d963c328e85455e9d45d645,2018-06-13,2018-06-21,6,2018-06-22,2018-07-10,6,10.99,4,2018-07-16
1f01524e8d963c328e85455e9d45d645,2018-01-24,2018-02-07,6,2018-02-08,2018-02-23,6,32.9,9,2018-05-21
a65f5016f63445dffaed0cc85fd14c12,2018-05-22,2018-06-19,6,2018-06-20,2018-07-11,6,9.94,9,2018-07-24
a65f5016f63445dffaed0cc85fd14c12,2018-01-11,2018-02-07,6,2018-02-08,2018-02-23,6,24.05,10,2018-03-09
2c3c5deabecd2589e610f7b6221c40fe,2018-07-26,2018-08-06,6,2018-08-07,2018-09-20,6,15.52,4,2018-09-27
2c3c5deabecd2589e610f7b6221c40fe,2018-01-26,2018-02-06,6,2018-02-07,2018-02-23,6,8.84,10,2018-03-09
e8bba2a6150e11e6e6e7c862396e8d09,2018-06-05,2018-06-19,6,2018-06-20,2018-08-06,6,3.17,4,2018-08-10
e8bba2a6150e11e6e6e7c862396e8d09,2018-01-24,2018-02-06,6,2018-02-08,2018-03-07,6,6.27,4,2018-03-13
02438f925a3b6daf6787bf43bb1e6ff5,2018-05-10,2018-06-21,6,2018-06-22,2018-07-02,6,21.74,4,2018-07-06
02438f925a3b6daf6787bf43bb1e6ff5,2018-03-28,2018-04-04,6,2018-04-09,2018-04-23,6,3.27,2,2018-04-25
c38184abd29397d98fec7a19e12bd96f,2018-03-14,2018-03-30,6,2018-04-04,2018-04-17,6,23.74,3,2018-04-20
c38184abd29397d98fec7a19e12bd96f,2018-01-24,2018-02-13,4,2018-02-23,2018-03-09,6,20.7,3,2018-03-14
177871277ac291dec8e245d6730b0503,2018-01-04,2018-02-02,6,2018-02-05,2018-03-07,6,6.93,3,2018-03-12
c1d023b583ce63d5f67c33cd2682fbda,2018-06-06,2018-06-19,6,2018-06-20,2018-08-21,6,46.36,4,2018-08-27
c1d023b583ce63d5f67c33cd2682fbda,2018-01-24,2018-02-06,6,2018-02-07,2018-02-28,6,9.28,9,2018-03-13
c4ed74e7229d7c15fef228141bd0b31f,2018-06-26,2018-07-11,6,2018-07-12,2018-07-24,6,20.99,2,2018-07-26
4da24b4db5a6c8686f449236adeae17a,2018-07-25,2018-08-17,6,2018-08-20,2018-09-14,6,39.46,4,2018-09-20
4da24b4db5a6c8686f449236adeae17a,2018-05-21,2018-06-21,6,2018-06-22,2018-07-20,6,33.12,3,2018-07-25
447a56be0756f5751707df75875ce3fb,2018-07-03,2018-07-06,6,2018-07-09,2018-07-25,6,10.0,1,2018-07-26
53890099d8bb641d8f27423cb74c6ef0,2018-07-03,2018-07-23,6,2018-07-24,2018-08-06,6,8.35,1,2018-08-07
e61ae3d1e612a2afc7ffddc7c5cf72c0,2018-07-24,2018-08-08,6,2018-08-09,2018-08-20,6,6.67,6,2018-08-28
e61ae3d1e612a2afc7ffddc7c5cf72c0,2018-01-11,2018-02-06,6,2018-02-08,2018-02-28,6,11.32,8,2018-03-12
e4771828f95b1b0cde3b45a22114950f,2018-05-24,2018-06-19,6,2018-06-20,2018-06-28,6,9.81,10,2018-07-12
