code,cx_start,kb_day
1f01524e8d963c328e85455e9d45d645,2017-06-08,2017-06-23
1d3681f7d500b0bfb44f5a304f0e492b,2017-08-10,2017-09-07
15587097723aacc681a9313dbe911328,2017-11-01,2017-11-17
1e5fd8fca3160f6381c623459f47adb9,2017-06-08,2017-06-23
87cdd7437e72353f6b2e72e51725fab3,2017-10-10,2017-10-24
dddee61a7d8c2df6250690d28a89315b,2017-05-05,2017-05-31
d50156bb6ccc3cc628a8464a02f83731,2017-08-03,2017-08-09
55f8917126176b6e31cd8c6fe5379fa2,2017-07-25,2017-08-03
5a48b8eeb3b85d6cd3400326fb47c774,2017-09-19,2017-09-29
30fa44e16845ebe23d5170b93b14be63,2017-05-16,2017-06-02
f66ad5e1d09395085d271e24d81e6492,2017-04-18,2017-04-26
ede4f4d1eeebe3972f3594bd45a8fa21,2017-10-26,2017-11-13
863f4630bf60e28693b299ec7005442a,2017-04-25,2017-05-11
9a8cd5472eb0a49322cee222b6dab181,2018-05-16,2018-05-30
460477c507fc5b2835d0d59fefa8d812,2017-08-31,2017-09-27
3f4a4f1f1e12a2db84c6353aee13ce2a,2017-07-31,2017-08-03
b21f752355663ae680b9e82753892eb6,2017-07-11,2017-07-18
e4d1cb990dc6d31c893b88a422f96d8a,2017-06-19,2017-06-30
7572b96e61e5aca947f41946b93599e8,2017-11-09,2017-11-21
db69259c8de2416b24b7c4d15731308d,2018-02-08,2018-02-22
2bad0e08d24396a65f8c1769c8c0bb6a,2018-06-25,2018-07-16
887ec86c5457d6a5405c940342391e6f,2017-09-26,2017-10-30
61aa2eff6029887e29bd76e89fffbf6c,2017-11-10,2017-12-04
7adfec0940c2b4059c60c8a25729bc72,2017-06-29,2017-09-05
8ace267e299a858953044cdd59134e4e,2017-07-05,2017-07-19
c03371e050e6b8560b8402013623f949,2017-09-26,2017-10-23
1383ebeb4f4207b0cb98830b53816aa7,2017-10-16,2017-11-20
692320afeb7d72211032b63ad97bf93a,2018-01-16,2018-01-24
70d0ffcdd4e35c0a2a24f099aa6fc5f8,2017-09-08,2017-09-18
c1d2ffe35091d225403ddbdd07b3e658,2018-08-10,2018-08-20
e7a856aa868cd5963cf2af3daafe7f64,2017-08-22,2017-09-05
ab935e3fe0b12e2934624e1e578e798e,2017-11-09,2017-11-21
3cca69249e76c60083a9df5d6c43e680,2018-06-11,2018-06-22
e1c34179f0cade4724354eadee773911,2017-05-19,2017-06-06
777e793224143a4c2d6474873378d3c4,2017-08-08,2017-08-11
8f6ab6f9c0ada447acdbde2a3ca9e209,2017-06-15,2017-07-10
28a304d68129f53f0094311acd048c89,2017-07-03,2017-07-13
ca7a73ca79fc57019b331d4440b08578,2017-11-16,2017-11-27
ca397d6210af5775f82977053d062aaa,2017-07-21,2017-07-28
7d6170383f890f719b47b1153d8e492c,2017-09-01,2017-09-26
9e533ef3235ca562752574cb4354f052,2017-08-08,2017-08-11
39fccbefb1d47dd1648b86b6cbe88d48,2018-01-25,2018-02-01
1f80917b684dd36e1ef997c7b6b17872,2017-11-01,2017-11-15
253663c59b461a4f63a5941307171a90,2017-06-06,2017-06-15
45e6eb1d4d82364f08121d429893d824,2017-09-12,2017-10-26
0a8c6224cd39cd9e9469c053d86acd17,2017-07-28,2017-08-11
145e3a05d092c85d73dc6450894c59a0,2017-05-16,2017-05-25
27fee2631b5ddc1b66752d3635dd26a7,2017-10-31,2017-11-13
979fa0ac99937dd91e3f6bbef1787c84,2017-06-19,2017-07-03
4c998a4671c9192bbf3a2ed0681740f5,2017-06-02,2017-06-09
3ab212b2d17c7d167cefb2e5a0215d51,2017-05-26,2017-06-12
af79a5ace01ec25f87b87e285faee497,2017-12-27,2018-01-22
6e9e7cb0ec40cc4d0b1b14fb25928822,2017-11-21,2017-12-04
75a93813ef0355ac9e8a2df82dd9d73d,2017-06-13,2017-06-28
391615d00ad0cdbc6d6270bcb7ab603f,2017-10-10,2017-10-24
626555df2770a14167d23225af2c218c,2017-07-19,2017-08-08
ea6324ccbe2f23756e52da9f69b86c66,2017-04-26,2017-05-16
686bf29477c2aa486fe87aa339ddade8,2017-12-12,2017-12-18
e4db5a99a3e3dc037393971b7c4a2ba8,2017-10-19,2017-10-30
025b004f160fda9e6842bed1fa2fdf09,2017-08-04,2017-08-14
82b0fbc2d1be89345bb641f0db01b323,2017-05-09,2017-05-22
91e4e684d019e2b77db65e89563e8a17,2017-07-12,2017-07-24
bfa71d7beb374e32a2007782bbec286d,2018-01-05,2018-01-17
64adc947d89931ade9467d90f2cde04f,2017-06-02,2017-06-09
509b1190ac73554f195bb7539c5663a9,2017-08-21,2017-09-20
06ac587061935230b9b17d73947fcd6c,2017-04-21,2017-05-09
18a1978fe3e3b69b03f8e607e976730c,2017-07-14,2017-08-10
a9c1a8354b8d00e353bc0c70d65fec0e,2017-05-23,2017-06-14
671a63322c134a62e7c3b42187eec578,2017-11-06,2017-11-16
32fadd96beb722d2d38b62f801f9cf46,2017-08-02,2017-08-25
3dd4525b7bf572e3f06b05f5c558520c,2017-05-23,2017-06-14
d8319b833d7957abab2b01b46e881536,2017-05-03,2017-05-18
db888b72cb12833523a6ba1aadd0cd55,2018-03-30,2018-04-16
38e4a5e579fbc3c1d9cdb0070206c780,2018-01-09,2018-01-22
bfd39a5f70e97a3db2fe1443cae6806e,2017-11-10,2017-11-29
335d184509cf6db7d2b83e13e9615617,2017-08-01,2017-08-11
ffd01aec8ed0b6b9a9d5de7476ea5db3,2017-04-21,2017-05-05
e010b694edc2c1154e7108134b3c6c76,2018-05-25,2018-06-19
fc5ed32993399bea869c73b529debd84,2017-05-03,2017-05-18
bc9184636d6519ae91fad9433a120c5d,2017-11-06,2017-11-20
82a160512df4baa6079c1075ac62f911,2017-09-19,2017-09-29
487d7a588f1e31fd9a7ee4bf644e7c88,2017-11-10,2017-11-16
098782cd0823460b24778de5b1729a2a,2017-09-07,2017-09-27
3dad8a9a0b92c6a8d94d5500bfa49c5f,2017-12-29,2018-01-11
225c712c716d35fa8728eabbff6624ce,2018-01-19,2018-02-05
e2cb56ec9225dae9bea1224a3f543657,2017-04-21,2017-05-10
32e136ed322e9c1abc713e38f46a9cc4,2017-10-19,2017-11-03
ac5d74c522ae6170898ed588b462ee63,2018-02-01,2018-02-08
1c519d956a5ffb5d03c2a60d9e2e73fa,2017-09-15,2017-10-09
fa023460f5801b1661c18e9f48da793a,2017-05-05,2017-05-25
829b4985acd7ed46380ad792fd6b0f62,2017-12-05,2018-01-03
93dc5c1a16d1732e0188181028b1d107,2018-05-23,2018-06-12
9bc85f7ade6532932c16761411aea555,2017-12-01,2017-12-12
e9b14d909413687c4b473cd995cbab13,2017-08-11,2017-08-31
f81c1337a2f9882fcb2edf4196030f2c,2017-11-27,2018-05-24
5feb3cb02a9be3a9465b9f0b5b5d76c2,2017-07-25,2017-08-08
1b5c8a280de8ba846eb6fb8d77159539,2018-04-27,2018-05-24
19501e7223d450811ad61e92411ac463,2018-01-18,2018-02-01
5ee7e0a74bf2838f828e73e4246f5d33,2017-07-24,2017-07-28
d81a5a8af66515744443b73709bff199,2018-02-06,2018-02-14
fbf498e00dfea9aab623440bdd2a8aa8,2018-03-23,2018-04-20
8f8beb5f810216dc1b9c72e535bcbfc9,2017-08-09,2017-08-29
fb62d01515998f42b45dbf157f948be9,2017-11-06,2017-11-21
4a4366de9bb262e2f1bdf78a566bddef,2017-11-15,2017-11-24
85e6f2c9b239b6c3bbed890547319aca,2018-05-08,2018-05-25
eba2732ac7a07dea93ab2fdef7f6f443,2017-12-08,2017-12-20
